n,noise_type,coef_type,rep,seed,miae,rmise,beta_mae,beta_rmse,err_mae,err_rmse
2000,gaussian,sqrt,0,123,0.05940081339738337,0.07489232731056238,0.04680697874048645,0.048120656315570096,0.5068192260052098,0.6193315911497261
2000,gaussian,sqrt,1,124,0.059260676412017134,0.07441795141934904,0.04970730962408143,0.049763009221517406,0.46798545968026817,0.6006310312782384
2000,gaussian,sqrt,2,125,0.06021743867418799,0.07498313163546973,0.036550453416206996,0.039212680094002875,0.4856887536017844,0.6119419220567315
2000,gaussian,sqrt,3,126,0.06221514495656731,0.07842461729231631,0.03358514019430264,0.04166698317177535,0.49371512651212013,0.6229383126078237
2000,gaussian,sqrt,4,127,0.06103149251409195,0.07607481384900064,0.0045838838468954535,0.00459119235642384,0.4864220982672423,0.6096940168546722
2000,gaussian,sqrt,5,128,0.06079608985801756,0.07614903243411812,0.021975471910567035,0.02373274494289021,0.5563960322062035,0.6903016429828331
2000,gaussian,sqrt,6,129,0.06037733862261259,0.07618557905611892,0.023941461745553116,0.02542733584767457,0.4827098405266754,0.6005856882143523
2000,gaussian,sqrt,7,130,0.06307538293845333,0.0783788211839316,0.029704884811496413,0.029878381612463277,0.4731677826472533,0.5927282203545536
2000,gaussian,sqrt,8,131,0.06151214394499658,0.0780550227349025,0.05092829896027984,0.054324485327127164,0.49360178751354594,0.6157960804232558
2000,gaussian,sqrt,9,132,0.06399682085459975,0.07984327788312348,0.03381356718944345,0.033818003962595516,0.5056634489280585,0.6208978011587492
2000,gaussian,sqrt,10,133,0.062033687590495705,0.07815973554816798,0.035261434889590326,0.03642746744580949,0.48404546674155113,0.6182623944341594
2000,gaussian,sqrt,11,134,0.06020597025926767,0.07558547420926684,0.07016925912226157,0.07071443654345025,0.4568055738931626,0.5677330366177432
2000,gaussian,sqrt,12,135,0.05973057595614914,0.07546139044140095,0.0554484930236519,0.06884352458020923,0.5304756482497909,0.6680448347687274
2000,gaussian,sqrt,13,136,0.06319744383775806,0.07888970324477429,0.028196382022336652,0.029851189159441526,0.49023501169327277,0.6121515034954076
2000,gaussian,sqrt,14,137,0.059141499337825594,0.0748842477392219,0.005614741603529705,0.006078654242512806,0.4855690990179521,0.6037330300186492
2000,gaussian,sqrt,15,138,0.058413796254643574,0.07325357669259842,0.035805716704760016,0.03738850877977247,0.48298133219411127,0.6117861007695589
2000,gaussian,sqrt,16,139,0.06117178276914439,0.07763486794113685,0.03785294925501731,0.038530859171361724,0.5201042869352595,0.6493897649302186
2000,gaussian,sqrt,17,140,0.06172056998102074,0.07753448389179388,0.050670331749548325,0.05139380190105312,0.5124201682453543,0.6256130480411912
2000,gaussian,sqrt,18,141,0.06116708464789278,0.07696719254909785,0.050215556334160305,0.05694338864284823,0.49348978375719327,0.6178719778928925
2000,gaussian,sqrt,19,142,0.06095712357521844,0.0767868187770213,0.05802384209609862,0.06434747420802378,0.4671786304255163,0.5909881267677624
2000,gaussian,sqrt,20,143,0.061266739272149345,0.0778406111430512,0.019770998745751833,0.02102257606414693,0.4812057838326623,0.612517893857224
2000,gaussian,sqrt,21,144,0.06596040506968674,0.08241832359933551,0.08437904317789374,0.08524545137632315,0.47305355965268364,0.5891056571804737
2000,gaussian,sqrt,22,145,0.06326784800221888,0.07984502578558637,0.055671930640576184,0.07142853974233004,0.46456630776240054,0.5799245706560975
2000,gaussian,sqrt,23,146,0.06484692999280228,0.08160462151663304,0.06701783479346335,0.06705490021049902,0.4953052366206172,0.6260914229908418
2000,gaussian,sqrt,24,147,0.05941530442119579,0.07472061090638646,0.03395538099375023,0.03866930137915084,0.4986356815351493,0.6179341189897782
2000,gaussian,sqrt,25,148,0.0648604693931762,0.08127957723278224,0.05410292195524735,0.05874901504851949,0.5032410549249596,0.6315621811328621
2000,gaussian,sqrt,26,149,0.061029168461803354,0.07618432587755668,0.0651594551749658,0.06561274294789873,0.5106063373893104,0.6538412038546397
2000,gaussian,sqrt,27,150,0.06009055796752262,0.0755728227283494,0.04855412376866852,0.06614700123161457,0.5259613334985577,0.6567284723787369
2000,gaussian,sqrt,28,151,0.06417178033782645,0.08098212123571838,0.014612552542818902,0.015842628738274432,0.43672899793656245,0.5593829091652932
2000,gaussian,sqrt,29,152,0.05861666890050996,0.07355124691802029,0.036158459979453494,0.03763157167012927,0.5265141128312045,0.6483808738606298
2000,gaussian,quadratic,0,123,0.060231666187690706,0.07577875265989324,0.049139145112752636,0.04969842153192782,0.5066855022666455,0.6215906824854793
2000,gaussian,quadratic,1,124,0.05944719740814134,0.07473721932078305,0.04805137787617014,0.0481708918627017,0.4690290945049368,0.601615207399645
2000,gaussian,quadratic,2,125,0.06118415177841924,0.07600402637017786,0.036755518213918925,0.03907854488689775,0.4863367161872737,0.6113568977462644
2000,gaussian,quadratic,3,126,0.06301744515361189,0.07923754393084648,0.03545141369885546,0.04513470372826562,0.4962379611200777,0.6293373139121127
2000,gaussian,quadratic,4,127,0.06116573670842684,0.07640648846081813,0.0033881321868087233,0.0034032290430870676,0.48718527703760517,0.6137116042497508
2000,gaussian,quadratic,5,128,0.06084258101666466,0.07629198781804293,0.023189657722365364,0.027418902195446748,0.557573929294045,0.6897177988223364
2000,gaussian,quadratic,6,129,0.06075677080573291,0.0766485637697443,0.02717861213863948,0.03027857313847413,0.48414632219073234,0.6026139474159018
2000,gaussian,quadratic,7,130,0.06275924820672597,0.07808229055239028,0.027651879743903485,0.02772085628130917,0.4761042819678615,0.596829918844899
2000,gaussian,quadratic,8,131,0.06170178251150358,0.07833110434318111,0.04819974515602543,0.052829023766236015,0.4994900965825221,0.6188654880485696
2000,gaussian,quadratic,9,132,0.0647545429271841,0.08081627684935734,0.03344601597013991,0.03361840253678179,0.5041068121505189,0.6198119223857287
2000,gaussian,quadratic,10,133,0.0633573449045444,0.07972056670238323,0.033982150078144535,0.0349358131777345,0.48276630899707484,0.6159626857104556
2000,gaussian,quadratic,11,134,0.06096824382053109,0.07661472504506511,0.07452792853556506,0.07483424881503584,0.4595555942126208,0.5701871054826675
2000,gaussian,quadratic,12,135,0.0601401746259623,0.07609189552209131,0.0556714793116348,0.0683895716164133,0.5284511852052883,0.6686985771474577
2000,gaussian,quadratic,13,136,0.06387794924681911,0.07971180584107213,0.021214370429129326,0.022652048426516774,0.48960674013439304,0.6106742130270728
2000,gaussian,quadratic,14,137,0.05925786977194958,0.07511552747040934,0.007191910739111296,0.008177009769825215,0.48399542637372944,0.6031160188665455
2000,gaussian,quadratic,15,138,0.05865267693998395,0.07349147161204102,0.03533959038850748,0.03778885885081189,0.48307417924455864,0.6140422856269266
2000,gaussian,quadratic,16,139,0.061788327326220326,0.07847419807307232,0.03858363744924753,0.03899345040063564,0.5188363859980538,0.6483896109500601
2000,gaussian,quadratic,17,140,0.06246270237997055,0.07851723940472831,0.04918810666131934,0.04991754855405624,0.512486249757982,0.625749944127476
2000,gaussian,quadratic,18,141,0.06122534950202253,0.07729600574605697,0.05289621591835181,0.05786844160838808,0.49459153602166905,0.6175309691778836
2000,gaussian,quadratic,19,142,0.06122331069619163,0.07695647983826669,0.05511003614937515,0.06367583747645418,0.4680419339625509,0.5915378684708443
2000,gaussian,quadratic,20,143,0.06206682788806746,0.07880903672285612,0.0222078592841225,0.023482372088876127,0.4825872906659423,0.6133260173888657
2000,gaussian,quadratic,21,144,0.06637284810316166,0.0830500477703188,0.08183705774846545,0.08257685791409768,0.47773644293071066,0.5947821255221313
2000,gaussian,quadratic,22,145,0.0639703960479238,0.08066468836680946,0.05306333376792555,0.07154189075597185,0.4664041898883285,0.5824466297331765
2000,gaussian,quadratic,23,146,0.06495277714938215,0.08178018220499109,0.06693815336987657,0.06697476458454446,0.49870208849607695,0.6319322104182146
2000,gaussian,quadratic,24,147,0.05989254544595357,0.07529156149994401,0.03045204629801429,0.035923358236898344,0.5015969995037038,0.6220459376721555
2000,gaussian,quadratic,25,148,0.06491947052505766,0.08140224659106833,0.05427775780349631,0.06014488201569812,0.49989203417390676,0.6287341558083576
2000,gaussian,quadratic,26,149,0.06141200916492708,0.07680891160373494,0.06556400625579861,0.06587587774847216,0.5180519654544448,0.6648195966511026
2000,gaussian,quadratic,27,150,0.06028570477642596,0.07580810962533993,0.045717670442809055,0.062680053143527,0.5321570375369938,0.6642751353854263
2000,gaussian,quadratic,28,151,0.06484011086051515,0.08174298450440144,0.016090019692746316,0.017669490292908516,0.44166045844682583,0.5647162977380905
2000,gaussian,quadratic,29,152,0.05919103963843145,0.07419450706130137,0.03733805302944071,0.03802857708016566,0.5292205759437488,0.6522305585873539
2000,gaussian,bump,0,123,0.06133641789918541,0.07785306300724504,0.036603264226091836,0.044932279410071836,0.5242365927125718,0.6363355716735344
2000,gaussian,bump,1,124,0.06241363388980277,0.0783977399406485,0.048523172315914465,0.048735252933390316,0.4765872703742795,0.6094761249714964
2000,gaussian,bump,2,125,0.06243061216293007,0.07798738245609402,0.035004603309719495,0.03829716868067452,0.49494343863621365,0.629141499894198
2000,gaussian,bump,3,126,0.06447537715012121,0.08136530371999141,0.026480731627823162,0.03430330115936726,0.4979316488012857,0.6297560386909016
2000,gaussian,bump,4,127,0.06454569319092274,0.08084210893358695,0.00598440533399569,0.007385831738166979,0.4912419709117329,0.6137757147998086
2000,gaussian,bump,5,128,0.0642915570774809,0.08020703497145024,0.030197551037788983,0.030735780271788894,0.5656420497959421,0.7084883282088751
2000,gaussian,bump,6,129,0.06388247677867873,0.08008725766737569,0.019942826533935643,0.01999906414161674,0.5003894630844451,0.6246883568791141
2000,gaussian,bump,7,130,0.06622360391590294,0.08276682025723545,0.03432133790856157,0.03436679977832506,0.4829025795038026,0.6053545731062198
2000,gaussian,bump,8,131,0.06488592144868273,0.08241985521428931,0.05203900100103681,0.05599275128407301,0.5067216520128,0.6396573097511876
2000,gaussian,bump,9,132,0.06596912941781988,0.08239184039188079,0.023138296746534615,0.023761233085709196,0.5295138365188164,0.6551978971330541
2000,gaussian,bump,10,133,0.06419675195145132,0.08074891357102015,0.047023098098932126,0.04928943650577445,0.5105135876387181,0.6475038366019787
2000,gaussian,bump,11,134,0.06234124969153644,0.07825885421701141,0.06553234564067972,0.06630194736108505,0.4637642037755074,0.579730119283997
2000,gaussian,bump,12,135,0.06330907199017334,0.08032428675278473,0.05063517550752944,0.06553866637191591,0.550341260212663,0.683351344228835
2000,gaussian,bump,13,136,0.0660382153276089,0.08283309854459604,0.03760414067694923,0.04103783463140485,0.5084533795741936,0.6291007216643217
2000,gaussian,bump,14,137,0.06282511961541924,0.07936967457146077,0.003692524908205097,0.004028669381120772,0.5111242371209219,0.6343971810912361
2000,gaussian,bump,15,138,0.06165899673518649,0.07731234592820663,0.0367379364031033,0.0374307104017315,0.4994759641981276,0.6363750210600934
2000,gaussian,bump,16,139,0.06331669940023284,0.0802841664742597,0.03536317329648336,0.03599696786736627,0.5252973717955571,0.6584629161719151
2000,gaussian,bump,17,140,0.06340914254419681,0.07984211783401514,0.05001494102736315,0.05042438595067101,0.5221287854604347,0.6467762906828646
2000,gaussian,bump,18,141,0.06462200621874528,0.08139416112735955,0.0457465300476696,0.056817375368518955,0.502236171655887,0.6332606516325355
2000,gaussian,bump,19,142,0.06384550294820703,0.0804155070333223,0.06620189593906495,0.0714349537840166,0.4868158674237559,0.6188610785874183
2000,gaussian,bump,20,143,0.0641138676238522,0.08130053721031098,0.014530684296087726,0.017172820381885605,0.4863212132102944,0.6238809047253218
2000,gaussian,bump,21,144,0.06934228553030018,0.08643943215904269,0.09633018979519414,0.09759001312869856,0.4765971442949271,0.6004537375371484
2000,gaussian,bump,22,145,0.065415612820805,0.08306619731052814,0.05461954045175882,0.06626641829958567,0.47360504136366727,0.5879583988457043
2000,gaussian,bump,23,146,0.06787543927745468,0.085423100837159,0.06821749035145752,0.06826388331346049,0.5016867079541194,0.6327697874549014
2000,gaussian,bump,24,147,0.06210650811519094,0.07819831134342962,0.04666383971095328,0.052193369190010566,0.5011765038938578,0.6304537603582211
2000,gaussian,bump,25,148,0.06797889206897835,0.08482584826449945,0.04698132761771201,0.04775261632830647,0.5227140962915349,0.6531362032810447
2000,gaussian,bump,26,149,0.06336438517512535,0.07951495091068714,0.06762370378281568,0.06843156601895282,0.5166959001554652,0.657063582448285
2000,gaussian,bump,27,150,0.06282407669983893,0.07885347682194777,0.05276289699040021,0.06693422481287173,0.5265880597037029,0.6604279143289481
2000,gaussian,bump,28,151,0.0667289205514507,0.08427706758797679,0.01647318940552539,0.016706586147945904,0.4484602753639866,0.5734997226960188
2000,gaussian,bump,29,152,0.06128021104466432,0.07643635038575892,0.029615222594682022,0.03342706110339163,0.5427350607268742,0.6593103108465279
2000,gaussian,sin,0,123,0.06622237253507507,0.08370836074003908,0.047561028229836766,0.05505367296538052,0.5354886315867886,0.6549476710318471
2000,gaussian,sin,1,124,0.0659683698452125,0.08278008386259351,0.04689346575893555,0.04694724020951524,0.4842815116434792,0.6178685642573272
2000,gaussian,sin,2,125,0.06726161641276054,0.08384786887603818,0.04312191615261157,0.04637353705149614,0.4978669909216358,0.6353023694628331
2000,gaussian,sin,3,126,0.06816264341449414,0.08593577996341083,0.02211360214578839,0.027366835127284665,0.5106795144123096,0.6578139814157086
2000,gaussian,sin,4,127,0.06803446708155869,0.08537037756739702,0.005540960804969353,0.005542518825193744,0.5063238881154614,0.6320268284144562
2000,gaussian,sin,5,128,0.06563397172019898,0.08296606750214947,0.037881376004857414,0.04054398749434916,0.5880274617776201,0.7268166389764724
2000,gaussian,sin,6,129,0.0679694162854033,0.08511042346738794,0.020212785544247602,0.024198391486950646,0.5120894129785595,0.6427512159696332
2000,gaussian,sin,7,130,0.06907542737963632,0.08619654339400704,0.03867703166994291,0.03868885409685572,0.5035777952423455,0.6378134483974897
2000,gaussian,sin,8,131,0.06847141182331491,0.08654218058337168,0.05522563952909337,0.06129999231177819,0.5188634516718267,0.6478438582416314
2000,gaussian,sin,9,132,0.07031449908141907,0.08829751218665287,0.012298547702472629,0.016443373038779133,0.5220427128727959,0.6459925666215959
2000,gaussian,sin,10,133,0.06577480525634151,0.0838951744540106,0.04160923822545515,0.04702796889497507,0.5113904854277972,0.6527200820264873
2000,gaussian,sin,11,134,0.06597554577787972,0.08299030494034859,0.08550177612919235,0.0855067915524533,0.47706149961812094,0.6001184631160846
2000,gaussian,sin,12,135,0.06747398775878717,0.0856973096908467,0.05676501400166534,0.06464202565466666,0.559282447533095,0.7085308002580099
2000,gaussian,sin,13,136,0.06959036043439107,0.08714722522264935,0.022175351585420444,0.02740120458215926,0.5154069997006508,0.6423398938567704
2000,gaussian,sin,14,137,0.06617229464613336,0.08329798417522725,0.012489236155675598,0.01561394530143346,0.5249801392418444,0.6494072552770079
2000,gaussian,sin,15,138,0.06513013016275652,0.08175919076772266,0.040282978334178654,0.041387927907496104,0.5286125145620234,0.6647362350547272
2000,gaussian,sin,16,139,0.06644611748719563,0.08416920201858454,0.04078214251387258,0.040993427395621396,0.544428268092296,0.6784905237286241
2000,gaussian,sin,17,140,0.06691138354376588,0.08409283997403345,0.05154937387684849,0.05168721502677877,0.5362681712861084,0.6626006244066632
2000,gaussian,sin,18,141,0.06677171207056043,0.0846405306298285,0.04936867744922879,0.059456262903580144,0.5164997767765267,0.6397209898648009
2000,gaussian,sin,19,142,0.06681420660351016,0.08472489752551532,0.05167776977807126,0.05908779720730888,0.503154150002806,0.6374979951425471
2000,gaussian,sin,20,143,0.06874508525879379,0.08747971916797864,0.028263564148200304,0.029880548303267723,0.5034358215839869,0.639280537530922
2000,gaussian,sin,21,144,0.07331297318982445,0.09143924845186706,0.08972894073397042,0.09159521838489361,0.5023857027777657,0.6246333839692202
2000,gaussian,sin,22,145,0.07059138398286295,0.08899421771248385,0.04855202038898809,0.06515491488582405,0.47308849997468827,0.5912666602843507
2000,gaussian,sin,23,146,0.07019375881126781,0.08837437877097237,0.07810508299148644,0.07819179257902995,0.5253196354695983,0.6672454931049973
2000,gaussian,sin,24,147,0.06664513907828061,0.0836623838830909,0.03851614817267823,0.046698020882937494,0.5146947014213282,0.651865361763731
2000,gaussian,sin,25,148,0.06956420925977652,0.08700213264083997,0.05546769200854684,0.05598739510080395,0.5279378016086903,0.6610312647806168
2000,gaussian,sin,26,149,0.06701879955631769,0.08404548539220869,0.05977017677214863,0.06507169213120649,0.5385680456441432,0.6909464142903077
2000,gaussian,sin,27,150,0.0656559636394167,0.08214705472004477,0.04447559059446898,0.05771066261082808,0.5441281261396039,0.6881321467515102
2000,gaussian,sin,28,151,0.07037724700421995,0.08929231049344374,0.025865072641365616,0.025923308278607258,0.46487872458724416,0.596994721981043
2000,gaussian,sin,29,152,0.06394837581815117,0.07998460639600047,0.022362390103452423,0.025744667060113743,0.5470712849083795,0.6759966079819928
2000,heavy_tailed,sqrt,0,123,0.07273011064156819,0.09131829475771569,0.019807039209973287,0.02617472779418053,0.5538214521676257,0.6975382075505934
2000,heavy_tailed,sqrt,1,124,0.07886800602976059,0.0995675952055821,0.02515633664298106,0.030078054148921885,0.6247167427432643,0.8010754581143138
2000,heavy_tailed,sqrt,2,125,0.07728752420023118,0.09689055132147877,0.04976827049299898,0.05111911667463316,0.6025760735492122,0.7788151843989354
2000,heavy_tailed,sqrt,3,126,0.08480117409435593,0.10721542099724464,0.040580195302232225,0.040624064412193794,0.6107731806739536,0.7680770840624196
2000,heavy_tailed,sqrt,4,127,0.07915461705958002,0.10046297340761966,0.06135624454233968,0.08020805450030319,0.5831783810701345,0.7671076742067925
2000,heavy_tailed,sqrt,5,128,0.07229564516909384,0.0911359244204973,0.03560789764245642,0.044714934322536044,0.5942307021304158,0.7524491616080431
2000,heavy_tailed,sqrt,6,129,0.07675103757038876,0.09706767211036813,0.04113857892830419,0.05206263339992587,0.5865678251755281,0.7353569245626478
2000,heavy_tailed,sqrt,7,130,0.07513249299468626,0.09373890953800323,0.00929240030278966,0.011257081889073256,0.6314626144843115,0.8220464293459622
2000,heavy_tailed,sqrt,8,131,0.07939169370185621,0.09894601547536955,0.04979647108838631,0.06948662018979872,0.5657932418591423,0.7505572042521698
2000,heavy_tailed,sqrt,9,132,0.08381336090748648,0.10502258109759834,0.012007896553176023,0.015531140683091903,0.6569665603136332,0.8250427347342302
2000,heavy_tailed,sqrt,10,133,0.07678033281831927,0.09682042415792828,0.026602173398524664,0.03445799862672457,0.6323459134711531,0.8910575488347208
2000,heavy_tailed,sqrt,11,134,0.0784056946772498,0.09847879870078821,0.02595562369386961,0.03268379160618918,0.5611429815230887,0.7088688987056219
2000,heavy_tailed,sqrt,12,135,0.0772265188967863,0.09781546676884292,0.019833577184968143,0.026922692021344598,0.6464371834538621,0.8286119160411117
2000,heavy_tailed,sqrt,13,136,0.07603550795201255,0.09606548958312724,0.03785196412617564,0.03826245245812566,0.5915507270969382,0.7402580874033672
2000,heavy_tailed,sqrt,14,137,0.09064869777391282,0.11873499964759722,0.06796334344616933,0.06799488944425058,0.6686468159387046,0.8458201786165656
2000,heavy_tailed,sqrt,15,138,0.07722609970477247,0.09719717515355562,0.0062618028995150565,0.006266479214686477,0.5624189105383639,0.7151692113688419
2000,heavy_tailed,sqrt,16,139,0.07859653209250905,0.09900904267039393,0.03779886627356632,0.04805595854993177,0.6244803705320886,0.8011792548529693
2000,heavy_tailed,sqrt,17,140,0.08298370939453772,0.10389646114264774,0.018580327635473126,0.0189015119597777,0.6799560618090739,0.8772152727020367
2000,heavy_tailed,sqrt,18,141,0.0755587577381747,0.09410132930847778,0.04785561024891788,0.05072479672034611,0.5840589787855197,0.7379139799552588
2000,heavy_tailed,sqrt,19,142,0.07686769176005287,0.0965648757631117,0.030852559353840514,0.041802706182917905,0.6155350478622854,0.7785302349486676
2000,heavy_tailed,sqrt,20,143,0.07984037565641632,0.10010544380865863,0.03197100292988597,0.03248579895709572,0.6574324770590433,0.8429709885462946
2000,heavy_tailed,sqrt,21,144,0.07732291997520715,0.09866037197658985,0.05604338505943324,0.06622204581527434,0.5964080978097875,0.7545859728974637
2000,heavy_tailed,sqrt,22,145,0.07590535399910091,0.09523246355972761,0.061300779634549885,0.07765496180890426,0.6073030812525225,0.7792856127042571
2000,heavy_tailed,sqrt,23,146,0.0783847059936717,0.09942437962167358,0.0425312211403337,0.05240839608659749,0.6036457463976395,0.7405602255937737
2000,heavy_tailed,sqrt,24,147,0.08322649051531063,0.10527612201999738,0.014282535091816984,0.014300412234146753,0.5592938771208817,0.7090870103718411
2000,heavy_tailed,sqrt,25,148,0.08273235098034316,0.10350043069191524,0.10780275804354544,0.10994383201918555,0.6229264581889143,0.7946610627323325
2000,heavy_tailed,sqrt,26,149,0.07956354899450045,0.10075730122752248,0.014212969153419575,0.01609169488660885,0.5876052839945204,0.7490890464244117
2000,heavy_tailed,sqrt,27,150,0.08145032454999714,0.1021700510984795,0.043789033570576175,0.04388306889067324,0.6523611191340928,0.8197788461036418
2000,heavy_tailed,sqrt,28,151,0.08507399416442486,0.10597889067106801,0.09200093821463784,0.09201013771413033,0.6757429779692342,0.8470658454365776
2000,heavy_tailed,sqrt,29,152,0.08000929945647019,0.09962419280522825,0.02215858442048846,0.023018753790226998,0.6504512371136453,0.811500027502901
2000,heavy_tailed,quadratic,0,123,0.07354481679376787,0.09216234682426624,0.02213920558223914,0.02586783523891439,0.5564884767544612,0.6998569098146207
2000,heavy_tailed,quadratic,1,124,0.07880932782236844,0.099489663364078,0.026193670452410056,0.03010138127589892,0.6224722761318122,0.8018983887997622
2000,heavy_tailed,quadratic,2,125,0.07773224368164061,0.09744851125475332,0.04883890549561054,0.050262828759714294,0.6031203169740622,0.7819550528108954
2000,heavy_tailed,quadratic,3,126,0.08509952169052362,0.10775277413194204,0.03730687279944506,0.03730687879328551,0.6085940739699186,0.7652244814952897
2000,heavy_tailed,quadratic,4,127,0.07926184856035384,0.10058468294124705,0.06016049288225361,0.07967560137901494,0.578582857397707,0.7695799534604745
2000,heavy_tailed,quadratic,5,128,0.07228846781518905,0.09105535277798091,0.029940173308977858,0.04117122414724368,0.596676271599858,0.7535965297838254
2000,heavy_tailed,quadratic,6,129,0.07611138829251496,0.09638219478160394,0.04437572932139222,0.057578795101368756,0.586652251536734,0.7375888489263525
2000,heavy_tailed,quadratic,7,130,0.07578779648403838,0.09469138310157689,0.010553265993903715,0.011396047330707912,0.6368925158267957,0.8232268099175475
2000,heavy_tailed,quadratic,8,131,0.08002220218643491,0.09973544289260054,0.04707688371267482,0.06563466926471322,0.5665065031387296,0.7528566143337495
2000,heavy_tailed,quadratic,9,132,0.08396836605966085,0.10511985827787279,0.011640345333872981,0.013051230250121296,0.653352578622396,0.8241387617884033
2000,heavy_tailed,quadratic,10,133,0.07775194878234737,0.09823700560080204,0.02763795131061908,0.036072255422234446,0.6348383524838386,0.8933224095025786
2000,heavy_tailed,quadratic,11,134,0.07900375848958421,0.09919536800322196,0.030314293107172263,0.03518586739815439,0.5641173793667478,0.7110553275401238
2000,heavy_tailed,quadratic,12,135,0.07803815051106161,0.098792839406971,0.020914927025688645,0.027583057378485477,0.6456976864498768,0.8281475379563444
2000,heavy_tailed,quadratic,13,136,0.07717980400217984,0.09740274102925191,0.0448339757193818,0.045448597745211386,0.5919893973167228,0.7425631776416927
2000,heavy_tailed,quadratic,14,137,0.09125086979049618,0.11937005220666362,0.0664014414576074,0.0664032775700679,0.6693553695540295,0.8483746253499344
2000,heavy_tailed,quadratic,15,138,0.07790641563715439,0.0980418627965872,0.0036419808709483026,0.0037101930526461887,0.5629206259395693,0.7125172115850748
2000,heavy_tailed,quadratic,16,139,0.07930228138234806,0.09982837891947673,0.038529554467796434,0.04769838658326648,0.6234357043957826,0.7980170434412195
2000,heavy_tailed,quadratic,17,140,0.08377293103465584,0.1049608934354737,0.01867090921952097,0.019316419761382916,0.682877557411976,0.878834426216141
2000,heavy_tailed,quadratic,18,141,0.0758899541892677,0.09459839439726306,0.051238077318469244,0.054822794620399753,0.589794307462081,0.7416939264227447
2000,heavy_tailed,quadratic,19,142,0.0778958216625,0.0975498990733184,0.03493295414739911,0.046784204177577324,0.613138905305303,0.7776250818282878
2000,heavy_tailed,quadratic,20,143,0.07984466915099395,0.10019010440943385,0.029534142391513363,0.03000147063890421,0.6592860315208401,0.8445423726969195
2000,heavy_tailed,quadratic,21,144,0.07791837508833724,0.09932944705777927,0.05350139963000422,0.06469382175492164,0.6029893240240132,0.7581899812406073
2000,heavy_tailed,quadratic,22,145,0.07649301791412233,0.09588495777017814,0.058067377596443315,0.07350118843140294,0.6053134764649722,0.7785401334955124
2000,heavy_tailed,quadratic,23,146,0.07867344058358336,0.09971030855278452,0.042546242678558444,0.05237407985888202,0.6039021196675803,0.742017542149913
2000,heavy_tailed,quadratic,24,147,0.08308235481096113,0.10490257187730163,0.01372838415051797,0.014008721990855627,0.5602446056571169,0.7094357133131709
2000,heavy_tailed,quadratic,25,148,0.08311850175535032,0.10405831002160752,0.10797759389179518,0.11074527291648335,0.6248077835471818,0.7987097451803216
2000,heavy_tailed,quadratic,26,149,0.07998505066698781,0.10126653650597202,0.012916311947029246,0.015166871332051947,0.589325001198146,0.7499455066145244
2000,heavy_tailed,quadratic,27,150,0.08138534666703043,0.10213437196643659,0.04095258024471693,0.04096098755863108,0.6522630570664399,0.8211601241205617
2000,heavy_tailed,quadratic,28,151,0.08583100269814753,0.106809755786037,0.09347840536456503,0.09347848176629128,0.6758850976527196,0.8477538867677775
2000,heavy_tailed,quadratic,29,152,0.07982121657862373,0.09938020091160012,0.020978991370501743,0.023007383873304043,0.6522174148697042,0.8166001017584464
2000,heavy_tailed,bump,0,123,0.07482560591739087,0.09435199174338736,0.03200397463857996,0.033413743248483396,0.5642933297585802,0.7072947807766223
2000,heavy_tailed,bump,1,124,0.08211680090652106,0.10318744446161646,0.027344173807047678,0.031335385986675214,0.6296546690095228,0.8078551702255795
2000,heavy_tailed,bump,2,125,0.07968138745429365,0.10005560439756797,0.051101677566201875,0.0520956984304283,0.6128177967167581,0.7894054708445678
2000,heavy_tailed,bump,3,126,0.08639340585770203,0.1088197435059877,0.043435744974394064,0.04435670122018688,0.6325302442133793,0.7958474632039167
2000,heavy_tailed,bump,4,127,0.08194797440622749,0.10397427284803251,0.06275676602944119,0.08427451263098625,0.5937235952909936,0.773174647974399
2000,heavy_tailed,bump,5,128,0.07459904260249119,0.09426575868331756,0.03884335365332148,0.0524658509420528,0.6007306773151361,0.7645455066360592
2000,heavy_tailed,bump,6,129,0.08026786496657433,0.1013277400455527,0.03713994371668777,0.044682311977412306,0.612617363849271,0.7553770003657875
2000,heavy_tailed,bump,7,130,0.0770410054907542,0.09618479909604166,0.01097044312460016,0.015352806137376133,0.6327095674510085,0.8263515500997589
2000,heavy_tailed,bump,8,131,0.08125694726844138,0.1017343582354338,0.049574109396667565,0.06902926590071888,0.5761443071823151,0.7570715296747647
2000,heavy_tailed,bump,9,132,0.08644874364805867,0.10859665829930133,0.014707562228108428,0.014767812263278777,0.6823886656230986,0.8485890965369164
2000,heavy_tailed,bump,10,133,0.07836530835892999,0.09917246150479647,0.02097082367914771,0.023293621834454218,0.6431057984272432,0.9018156075182435
2000,heavy_tailed,bump,11,134,0.08065830869421536,0.10101891692314344,0.021318710212286762,0.030045450055679407,0.574787501398475,0.7218987106848004
2000,heavy_tailed,bump,12,135,0.07956238144585703,0.10067182640456313,0.02301937589579517,0.029864788673857508,0.6560215686523171,0.8425622675669344
2000,heavy_tailed,bump,13,136,0.07876503287233466,0.09914133730983124,0.02844420547156118,0.02846328968287755,0.6057199140994152,0.7462478740031796
2000,heavy_tailed,bump,14,137,0.09256129393909623,0.12141706577958644,0.06659992010844545,0.06687638675747756,0.6713643177013346,0.8507448776756316
2000,heavy_tailed,bump,15,138,0.07846419607439473,0.09901118301955232,0.009857092733110862,0.009881225484916031,0.5773578588856001,0.7362289549430133
2000,heavy_tailed,bump,16,139,0.08100669407977848,0.1019847711693006,0.035309090315032654,0.045821760240858884,0.6316471382588551,0.8174543800196928
2000,heavy_tailed,bump,17,140,0.08488593892956509,0.10653964162867607,0.020760539924359223,0.0211663909902144,0.6845259497101892,0.8844401164071092
2000,heavy_tailed,bump,18,141,0.07805058627591185,0.0973124916093918,0.0410093512861216,0.04282831274038509,0.586727182592031,0.7430145201656139
2000,heavy_tailed,bump,19,142,0.07858151545395854,0.09916839759986934,0.029872427835934634,0.035965063868946455,0.6157703276542256,0.7845500461581463
2000,heavy_tailed,bump,20,143,0.0818311596035189,0.10280989492350144,0.037211317379548414,0.037400139790657136,0.6619307278858,0.857158813975695
2000,heavy_tailed,bump,21,144,0.07929231025883315,0.10086824946945447,0.06799453167673392,0.07505060148726295,0.6018568757393747,0.7661928317363672
2000,heavy_tailed,bump,22,145,0.07883394183429905,0.0987605110079328,0.06852942806549317,0.08288281444190593,0.6165792533009948,0.7895861161081226
2000,heavy_tailed,bump,23,146,0.0804039916569675,0.10181669831415548,0.04224414823205014,0.05288870632404916,0.6075805583879553,0.7488543608761739
2000,heavy_tailed,bump,24,147,0.08664946729021367,0.10936023108722034,0.01342328835953005,0.016390174588667997,0.570249496055138,0.7240849651930289
2000,heavy_tailed,bump,25,148,0.08494005478888086,0.10634964561670253,0.10068116370600955,0.10094127352589541,0.6385882769989731,0.8116112968694074
2000,heavy_tailed,bump,26,149,0.08174366709618816,0.10369073716283109,0.016997768595059026,0.01972609058535022,0.5965924386946975,0.7556177025500805
2000,heavy_tailed,bump,27,150,0.08434700455517677,0.10550237171475679,0.04799780679230864,0.04800558697571288,0.6704882469762973,0.8361775371761059
2000,heavy_tailed,bump,28,151,0.08686478195398795,0.10860103078137505,0.09386157507734327,0.09397613899371494,0.687892301611046,0.8640741945324546
2000,heavy_tailed,bump,29,152,0.08426544833853358,0.104621565436614,0.028701821805260486,0.028725169679855386,0.6617995775435306,0.8244818567387413
2000,heavy_tailed,sin,0,123,0.0784167221807584,0.09892561749716589,0.03367246432808235,0.039453684522835465,0.5750475597660737,0.7200942642756395
2000,heavy_tailed,sin,1,124,0.08338335944627225,0.10477925018262257,0.025048901235896093,0.028538131686179642,0.6307637280106796,0.8059678984559678
2000,heavy_tailed,sin,2,125,0.08251042074807063,0.10368310109621015,0.05262508306624353,0.05569827595032772,0.6246000055335142,0.8047835569200735
2000,heavy_tailed,sin,3,126,0.08806160387836989,0.11112284308758161,0.0431278146340226,0.04726982715388758,0.6334084264712702,0.7992675700796193
2000,heavy_tailed,sin,4,127,0.08486783637257266,0.10737340808351521,0.05745979338069207,0.08086820663056127,0.5923651351501057,0.7904153895209753
2000,heavy_tailed,sin,5,128,0.07778296349325464,0.09747117778846212,0.04295221580130615,0.05246033799273714,0.6166921950116371,0.7801330736495994
2000,heavy_tailed,sin,6,129,0.0801892062441335,0.10210054708103745,0.03740990272700062,0.05236945417707028,0.6235102634868387,0.7718999861594741
2000,heavy_tailed,sin,7,130,0.0812967734164533,0.10154527654978675,0.015326136885982278,0.019191697880259612,0.644420447044904,0.8382586211852856
2000,heavy_tailed,sin,8,131,0.08490921835100722,0.10668332895823647,0.05276074792472446,0.0674978066149607,0.5984492777113094,0.7772478248355017
2000,heavy_tailed,sin,9,132,0.09002844923233887,0.11251387855303696,0.01089099055380549,0.011295591097798723,0.6891713177981106,0.8576849542073571
2000,heavy_tailed,sin,10,133,0.08167494689152688,0.103878969003841,0.015553750029916824,0.020812667001346586,0.6575284039789372,0.9137017664123119
2000,heavy_tailed,sin,11,134,0.08500387193746808,0.10651811753489024,0.041288140700799725,0.042522911511898444,0.5867819320996135,0.7332346903358841
2000,heavy_tailed,sin,12,135,0.08233208533102267,0.10438563032517537,0.029712208719842537,0.03417706571157782,0.6630962804203794,0.847434906458446
2000,heavy_tailed,sin,13,136,0.08283542726236617,0.10421621882954264,0.043872994563090295,0.043878665322481775,0.6200735942513191,0.7714488349837517
2000,heavy_tailed,sin,14,137,0.09686454351021867,0.12593471798384817,0.06092151826824743,0.0611105979889336,0.6775611784366364,0.86197398437488
2000,heavy_tailed,sin,15,138,0.08187493460913876,0.10321303079134667,0.007525633088255268,0.008635520021309307,0.5829956506052233,0.7388589124379318
2000,heavy_tailed,sin,16,139,0.08426116484721613,0.10646560914269013,0.04072805953242048,0.048664685704923626,0.6340119413379868,0.8148693208600691
2000,heavy_tailed,sin,17,140,0.08878682358787748,0.11109568972931001,0.03094566904717677,0.03105391702694002,0.6844484059717371,0.885450979246308
2000,heavy_tailed,sin,18,141,0.08122110868743813,0.1011126282932719,0.041573297556663336,0.04453556110538406,0.6073513546599864,0.7610358540407651
2000,heavy_tailed,sin,19,142,0.08117402017447643,0.10231273943017258,0.034552203309943574,0.04687990856931137,0.6191705018024877,0.7936827109106349
2000,heavy_tailed,sin,20,143,0.08543460920670432,0.10747225538183364,0.023478437527436002,0.02369678693189101,0.6805511815848923,0.877345025215998
2000,heavy_tailed,sin,21,144,0.08236269822030638,0.1044735174319863,0.061393282615509026,0.0678999563543541,0.6063977256582507,0.7680922070727402
2000,heavy_tailed,sin,22,145,0.08229727326574425,0.10309211175288564,0.05749998747979712,0.06754880776500989,0.6241777925243076,0.8021822388472283
2000,heavy_tailed,sin,23,146,0.08308988101094157,0.10484785746055668,0.04170971068361751,0.058542218255577524,0.6300237526084049,0.7763771454951398
2000,heavy_tailed,sin,24,147,0.08865661808654365,0.11142131959534847,0.006380393205400903,0.008278969698940099,0.580771446421865,0.7374408944608841
2000,heavy_tailed,sin,25,148,0.08662777324959246,0.10899490278735416,0.10916752809684493,0.10934942907904857,0.6559731762508624,0.8366583489231567
2000,heavy_tailed,sin,26,149,0.08481801471327398,0.10709001247160502,0.032240251515280094,0.03231227305332968,0.6064998775699567,0.7694918742980513
2000,heavy_tailed,sin,27,150,0.08673709641203779,0.10863761108995938,0.03971050039637758,0.040059251047279455,0.6783719591242368,0.8474528783635166
2000,heavy_tailed,sin,28,151,0.09002784108629037,0.11265005607630071,0.10325345831318455,0.10365882602435782,0.7045818439988112,0.8856415968288989
2000,heavy_tailed,sin,29,152,0.08607078207208874,0.10666355136747505,0.035954654296490696,0.036165976167986114,0.6735668870830159,0.8463603264193824
5000,gaussian,sqrt,0,123,0.0274520527765604,0.034235180319653474,0.01129997957514095,0.011301917252997461,0.6820001080277873,0.8615274511886811
5000,gaussian,sqrt,1,124,0.028536760150163674,0.03550233040522767,0.021988811443516887,0.030402904117972026,0.7256066038297099,0.9028868196756631
5000,gaussian,sqrt,2,125,0.028016959388413518,0.03517582302918237,0.02169570740744875,0.02601796327360162,0.6829328183448936,0.8587904749847334
5000,gaussian,sqrt,3,126,0.028281911642500927,0.03493552063387216,0.025894761245011888,0.034928302807161644,0.7008301110671169,0.8755408947944672
5000,gaussian,sqrt,4,127,0.02892960999909892,0.03627584272684988,0.020831242971263375,0.02352986660368555,0.71331963466512,0.8853589817304052
5000,gaussian,sqrt,5,128,0.028547070144238695,0.03570130755646891,0.01670239672037732,0.01774625332652182,0.7067879578036186,0.8829342975056051
5000,gaussian,sqrt,6,129,0.026931739156056022,0.03364057812035913,0.006729999702921652,0.007210238583544214,0.6768922953124029,0.8517613033074045
5000,gaussian,sqrt,7,130,0.028146082198728363,0.03536891399397966,0.002284520225892428,0.002522198216973197,0.688110477125158,0.865003685077095
5000,gaussian,sqrt,8,131,0.027711981098759827,0.03464028216296006,0.02738548835544563,0.027490194610243105,0.6831956608702493,0.8628558207708461
5000,gaussian,sqrt,9,132,0.027424860002613825,0.03452312081516389,0.01709964745951925,0.017099780017413118,0.6697154852670633,0.8394292744595775
5000,gaussian,sqrt,10,133,0.0290938619386403,0.0365227387107482,0.03942278329709381,0.04076427899020105,0.7379945849418166,0.9247097664588951
5000,gaussian,sqrt,11,134,0.026002574558107807,0.032752570275475706,0.017500537297816143,0.02305121332196695,0.6950536580443,0.8679081449337335
5000,gaussian,sqrt,12,135,0.028843519556667616,0.036068773108136686,0.013767292119090224,0.016040336364938502,0.699156847579915,0.8767348896771521
5000,gaussian,sqrt,13,136,0.02925402049675278,0.03670954082826558,0.00957183611883411,0.012907983129102374,0.7060644928200001,0.8808816771857538
5000,gaussian,sqrt,14,137,0.026935774286422583,0.03402720909681563,0.015965764571055918,0.016047568724917475,0.7143985496721804,0.8927867254376174
5000,gaussian,sqrt,15,138,0.028182704574590958,0.035457665495028524,0.028809560057406647,0.02957024645104958,0.6962532197891039,0.88865288963117
5000,gaussian,sqrt,16,139,0.028909406658977004,0.03617000733571038,0.015520487805711802,0.019919146932574325,0.7041111084568156,0.8911603215466984
5000,gaussian,sqrt,17,140,0.026400848878724372,0.03312351478788153,0.01829684817231486,0.0206026521934329,0.7190875925942707,0.9017559570217687
5000,gaussian,sqrt,18,141,0.026993349288198975,0.03382092668677649,0.016293739126459428,0.020068466614453787,0.6693333668393193,0.8494265287147955
5000,gaussian,sqrt,19,142,0.028117308440073544,0.03500862968320723,0.012232345957312929,0.01449962013727433,0.6768590267078344,0.8564845345543742
5000,gaussian,sqrt,20,143,0.028362066384447736,0.03550325999993862,0.011778805812685478,0.01195145543050709,0.6931269805163782,0.8655056935391245
5000,gaussian,sqrt,21,144,0.027939854515929893,0.034646495078538175,0.010045843311851821,0.010895346041869754,0.6829935603546893,0.8664193241056732
5000,gaussian,sqrt,22,145,0.028651147519883177,0.03555521339901035,0.010971985871833456,0.011074185086738308,0.7133301202550133,0.8933032400525756
5000,gaussian,sqrt,23,146,0.02965935082262859,0.03686084626825771,0.026899191308284665,0.028960072272793045,0.7187629812646934,0.8979095048114618
5000,gaussian,sqrt,24,147,0.029138136978379872,0.036375491471092584,0.012567025870423465,0.0155049455459907,0.7034574265310767,0.877222503278424
5000,gaussian,sqrt,25,148,0.02842555505827816,0.035755326989952325,0.014868659617766955,0.020249236660924062,0.7002344295606595,0.864659773773405
5000,gaussian,sqrt,26,149,0.028516539662367085,0.03581969978977277,0.023887037402608058,0.025355007868394154,0.7105064255543928,0.8897158131435836
5000,gaussian,sqrt,27,150,0.029006389029124068,0.03644285305824417,0.02371439309388318,0.02908754893010731,0.7235932325790483,0.9070498405027734
5000,gaussian,sqrt,28,151,0.02650067929768236,0.033131287200591754,0.018857887342731916,0.02617759541805275,0.6825218578430866,0.8623087752621242
5000,gaussian,sqrt,29,152,0.0273986325895326,0.034453387992354166,0.01821491513874951,0.018228679415394283,0.7174710671590092,0.8947090816806693
5000,gaussian,quadratic,0,123,0.02742505752031114,0.03431106815925739,0.009488360339757529,0.00974689882769117,0.6863605376088772,0.866565767333889
5000,gaussian,quadratic,1,124,0.02868840868874046,0.03572749072800629,0.023964012445456206,0.03294537694905905,0.7274192931832044,0.905169938377787
5000,gaussian,quadratic,2,125,0.02811495457692551,0.03521549958006664,0.023261175608615237,0.025707068401483818,0.68582475968101,0.8603929484343945
5000,gaussian,quadratic,3,126,0.02872377591253274,0.03549901284240051,0.02627190702620208,0.03675107391359851,0.7031569733084784,0.8757944339961845
5000,gaussian,quadratic,4,127,0.029478333509060695,0.037126745066236984,0.018845814295601726,0.020966445625806147,0.7207212678775832,0.8930307425153321
5000,gaussian,quadratic,5,128,0.029021300898886267,0.0362525767303913,0.014916756785371299,0.01727236580866956,0.7093576260284701,0.8871344045842501
5000,gaussian,quadratic,6,129,0.027636532246220397,0.0343644176112323,0.00569882859329135,0.005743401800461984,0.6798455121947818,0.8559536207576547
5000,gaussian,quadratic,7,130,0.0291343320080191,0.036450178355059766,0.004291927276452112,0.005285079811169243,0.6885737303331327,0.8683037648113896
5000,gaussian,quadratic,8,131,0.027565330596234918,0.03477828008566339,0.03186411804135486,0.03206228778634045,0.6823306410408067,0.8613601826434906
5000,gaussian,quadratic,9,132,0.02810764620979842,0.03533858444794232,0.020023011723885376,0.020116745362935926,0.6734884684565907,0.8415102943296707
5000,gaussian,quadratic,10,133,0.02930197392964891,0.03664505082176722,0.040392040313015576,0.04245889894414711,0.7409235716762799,0.9255214653834148
5000,gaussian,quadratic,11,134,0.02703779191012859,0.034014287071420846,0.015162375052322985,0.02054360555060983,0.6957672324742444,0.8674689006618963
5000,gaussian,quadratic,12,135,0.029327264197123493,0.036623168632960584,0.012241575715789044,0.0141953258563424,0.7052514234061146,0.8834636291540116
5000,gaussian,quadratic,13,136,0.029962406305378095,0.03750980018445818,0.013431948151601814,0.014682853341091923,0.707621428575872,0.8834462566294787
5000,gaussian,quadratic,14,137,0.027150075970768968,0.03400905788250624,0.01579119380501226,0.016942176019703402,0.7211688060877898,0.900169127142799
5000,gaussian,quadratic,15,138,0.02885820666787912,0.03606529952276819,0.026536117048713947,0.02674948514188216,0.6992657380964913,0.8922087447696687
5000,gaussian,quadratic,16,139,0.02930650029220032,0.03684737482984006,0.014653974031110462,0.018943443790961374,0.7067763935752096,0.8939868672799949
5000,gaussian,quadratic,17,140,0.026625975067141445,0.03380850089903299,0.014702523406424917,0.018899022021504043,0.7177047258133634,0.9017053270942845
5000,gaussian,quadratic,18,141,0.02780555391393576,0.03468802801176181,0.015822365506372227,0.018592052321354392,0.6713991063392727,0.8518035733667614
5000,gaussian,quadratic,19,142,0.028504191954381634,0.03579158384942293,0.009527193236043452,0.012978281878793825,0.6818220962872636,0.861839088145931
5000,gaussian,quadratic,20,143,0.029157417238932174,0.03644475324704446,0.012773736205962172,0.01286463501283811,0.6987767596807427,0.8705767695531151
5000,gaussian,quadratic,21,144,0.02884160242658079,0.035918502516907036,0.00806902488480421,0.008246078221852846,0.686320150580948,0.871091205406916
5000,gaussian,quadratic,22,145,0.02912495052776401,0.0362642340811962,0.009693338394988982,0.009816032206471483,0.7129094988011719,0.8944028844688338
5000,gaussian,quadratic,23,146,0.03065722866444015,0.03806281981507388,0.028319972782554714,0.030448824109445587,0.7227990198668949,0.9002595091692202
5000,gaussian,quadratic,24,147,0.029429917641697882,0.036875451197030305,0.012210778324724059,0.016144495645021892,0.7111684588567172,0.8850745578631277
5000,gaussian,quadratic,25,148,0.02933325749045856,0.036953091104595055,0.01375319861390123,0.01625789391012245,0.7051586942338846,0.8713332085868075
5000,gaussian,quadratic,26,149,0.02890977766771811,0.03646689707339459,0.023975479501213093,0.02482174482890203,0.7109692172105793,0.8911653414786973
5000,gaussian,quadratic,27,150,0.02940239490376924,0.037191167967659436,0.02330528424553585,0.027344674031341856,0.7254597262044813,0.9092798641413452
5000,gaussian,quadratic,28,151,0.027472137020765574,0.034299466023414195,0.021801975781579053,0.029158728841383815,0.687308948769724,0.8677816142656484
5000,gaussian,quadratic,29,152,0.028142168140773544,0.035240492993991006,0.02393878477236866,0.023977483548111387,0.7187176980658785,0.8956316544000551
5000,gaussian,bump,0,123,0.032348562086087586,0.040648343315328045,0.005239753719879947,0.005772390794400912,0.700237942546868,0.8800210714900599
5000,gaussian,bump,1,124,0.03271148093642583,0.04065755150653747,0.02036916709818265,0.027780421083760026,0.7424351205399528,0.9270185417318226
5000,gaussian,bump,2,125,0.03203278385545851,0.04054385464873609,0.022164704647788136,0.027470357752619474,0.7029057715414139,0.8815076183327616
5000,gaussian,bump,3,126,0.03257053481044007,0.040748266747106895,0.02531771370078162,0.03574073776190677,0.7183311877846501,0.8964046968122663
5000,gaussian,bump,4,127,0.03219624484114112,0.04058084490439275,0.021816579275506287,0.026970659387326876,0.7192314340142419,0.896844535561117
5000,gaussian,bump,5,128,0.0326034437925582,0.04090820864576822,0.025789682217803644,0.025873951961446394,0.7231810622654926,0.8991338833171674
5000,gaussian,bump,6,129,0.03130944679850161,0.0392313714856065,0.007477149812412043,0.008692487866343175,0.6956635212499893,0.8728741205285073
5000,gaussian,bump,7,130,0.03178050834554353,0.03980564056257259,0.0014794020113637618,0.001738353563831314,0.7056416833680073,0.8869421604890622
5000,gaussian,bump,8,131,0.032022853793866116,0.04013559108246049,0.020975743054542473,0.02122366443493778,0.7094221500867606,0.8923850503333883
5000,gaussian,bump,9,132,0.0314554782161123,0.03954826874522367,0.01487906012482132,0.0168370527274209,0.6805545269172985,0.8572252804294853
5000,gaussian,bump,10,133,0.03280136563545861,0.041567657434394154,0.036261527659591675,0.03628506083653794,0.7582916542587848,0.9534730341008093
5000,gaussian,bump,11,134,0.02977805634345484,0.03765677251185715,0.023929353389172237,0.030650413733966122,0.7088813726844208,0.8873554511519933
5000,gaussian,bump,12,135,0.032529691832316535,0.04049950224084243,0.017761357092451135,0.022856121037939207,0.7127988672905261,0.8981235072383771
5000,gaussian,bump,13,136,0.03206995715171241,0.04013145202659857,0.009780400994183147,0.011817086559789523,0.7172601591389248,0.9001401001987577
5000,gaussian,bump,14,137,0.03135032119950334,0.03978400429439413,0.019924574918945226,0.02001398230256,0.7307881961232365,0.9135065056869902
5000,gaussian,bump,15,138,0.03182954499909126,0.040100141297778585,0.03342205360516759,0.03462602315961206,0.7051697275188314,0.896576393420895
5000,gaussian,bump,16,139,0.03279024588669704,0.041135388941575105,0.012437818117248589,0.01702085549866352,0.7249322817281167,0.9164010924334559
5000,gaussian,bump,17,140,0.031027457234749495,0.038634374248070376,0.022996491875493907,0.02537967462676343,0.7333444587399431,0.9249735806575367
5000,gaussian,bump,18,141,0.030971974187091928,0.038837604119445875,0.01693508596004123,0.020578146746255587,0.6877741313871311,0.8737340016135969
5000,gaussian,bump,19,142,0.03141829310852653,0.03974355526782733,0.01758252913730024,0.017994616767357106,0.6999364986455913,0.8796312706082188
5000,gaussian,bump,20,143,0.032328028708987086,0.04105892418861892,0.008574682828028757,0.009320774177775359,0.7080523303472025,0.8899819374778876
5000,gaussian,bump,21,144,0.03076779877360305,0.03830663808006228,0.015428015521948835,0.018021795763224185,0.7053921378413807,0.8903971827780743
5000,gaussian,bump,22,145,0.032786039984296245,0.04097430040746002,0.013976627349918447,0.013982250594657354,0.7301104064637579,0.9143887628319742
5000,gaussian,bump,23,146,0.03287837991835752,0.0410857364904273,0.023519367402760505,0.02563874772268754,0.733894973412343,0.9167781952545504
5000,gaussian,bump,24,147,0.033167899158165634,0.04124266662594963,0.008687991126683836,0.010173741738866803,0.713086271894639,0.8895751605415007
5000,gaussian,bump,25,148,0.031733109726592906,0.039800915304373775,0.023872434748982374,0.02805884604501814,0.715767756346576,0.885684271043864
5000,gaussian,bump,26,149,0.03221509976489109,0.04011657370585991,0.02016766990555713,0.022635092527336344,0.7269439340379535,0.9132942641189311
5000,gaussian,bump,27,150,0.033100039930954166,0.04138725352049398,0.02552393911848705,0.03189066731296267,0.7393589313493939,0.9251538794641133
5000,gaussian,bump,28,151,0.03018180023604394,0.037834159483349346,0.019899300394622732,0.025388296642907628,0.6952040849324566,0.8888192351140846
5000,gaussian,bump,29,152,0.03251443706519359,0.0407289439545463,0.012047137254535933,0.013534252181057346,0.7335280081183951,0.917271506053034
5000,gaussian,sin,0,123,0.036564482114388196,0.04581908907128203,0.011724205310843061,0.011827266984947585,0.7338752866512083,0.91857429301876
5000,gaussian,sin,1,124,0.03733131020036744,0.04579480486236575,0.025080303724593245,0.03435044012414972,0.7623188309820839,0.9473787693724923
5000,gaussian,sin,2,125,0.03604008137362675,0.045225127403440514,0.02305343834670137,0.025055643101611447,0.7308235903762431,0.9090186358328369
5000,gaussian,sin,3,126,0.03653145119620663,0.045247582756823605,0.02462007778273173,0.03160812511033988,0.7293018880048193,0.9096083895641615
5000,gaussian,sin,4,127,0.03618827046842383,0.045474001506758864,0.024173668845423046,0.031371290597260945,0.7329261741291312,0.9178909795983782
5000,gaussian,sin,5,128,0.03650500201585059,0.045496011654316056,0.025565345525385696,0.025604082551262328,0.732401899330147,0.914770764069782
5000,gaussian,sin,6,129,0.035362422642561,0.04400903884820181,0.01020286217583699,0.011325665223078903,0.7166555517544737,0.900917523454043
5000,gaussian,sin,7,130,0.037519779544635534,0.046922823580948333,0.01280806945041274,0.013106731216149919,0.7218201917174599,0.914974646870309
5000,gaussian,sin,8,131,0.03520708677647979,0.04401610672301873,0.03348395034551477,0.03356649422286204,0.7331286364952129,0.9117737335957005
5000,gaussian,sin,9,132,0.03607418072133057,0.04491401570381482,0.020150113845751938,0.020260669331754754,0.7033565998070505,0.8836515646706127
5000,gaussian,sin,10,133,0.035421983667765396,0.04462129027809321,0.03433245673540719,0.035091118036550795,0.7671129920262358,0.96721664553588
5000,gaussian,sin,11,134,0.03637154883917253,0.0453124225709311,0.028354261897778066,0.03305442920899116,0.7079495987736163,0.8864887087974214
5000,gaussian,sin,12,135,0.036167967915181655,0.045146280224135034,0.017785278575542907,0.020556921331720567,0.7394579669124357,0.9277278262473319
5000,gaussian,sin,13,136,0.03692640480265803,0.045648137004782534,0.013614979697069707,0.013746439365539077,0.7349005863068676,0.9154547323403742
5000,gaussian,sin,14,137,0.03556257293834413,0.04427343382740282,0.01016693216761655,0.012892307404524414,0.7667226225918571,0.9570879999000323
5000,gaussian,sin,15,138,0.03544880235354822,0.04422383434401935,0.03536539384445114,0.03558016005224713,0.7182679120814676,0.92166307243746
5000,gaussian,sin,16,139,0.03808782616022203,0.04732612721765416,0.02426511549607846,0.024817555760115077,0.7496962874307801,0.9433109274067967
5000,gaussian,sin,17,140,0.03552584657890023,0.044342283463550056,0.01732057748547039,0.020465603380291474,0.7480860717498843,0.9473091821531282
5000,gaussian,sin,18,141,0.0354824645257036,0.04387523794007091,0.01535385903716896,0.015708032260077782,0.7117052816034334,0.898776030982445
5000,gaussian,sin,19,142,0.035612937037011475,0.0449864481294687,0.01956984400150996,0.01991902565448668,0.7125802402620403,0.9003086761126963
5000,gaussian,sin,20,143,0.037104360742579064,0.04695628612363311,0.015686160185861386,0.01963015823367172,0.7288194548637756,0.9186036177271888
5000,gaussian,sin,21,144,0.03520100404242284,0.04412858179024705,0.018112175286298493,0.0207717797491998,0.7256354093268536,0.9177243859557139
5000,gaussian,sin,22,145,0.03747779828386132,0.04663971312589657,0.005655119651397478,0.00780379707836414,0.7397097408949298,0.9351317643883201
5000,gaussian,sin,23,146,0.0367427175300214,0.04577954713735836,0.029668844992654597,0.031924736586503036,0.7636123178205372,0.9413724823842733
5000,gaussian,sin,24,147,0.03642097491164983,0.045776126438708424,0.00912975458963039,0.011635862647364282,0.7393206065024239,0.9171895554525845
5000,gaussian,sin,25,148,0.03608140772671637,0.04506864640467622,0.017437122757678947,0.02434504045539811,0.7312386896461353,0.9043904991646434
5000,gaussian,sin,26,149,0.035792433575307606,0.04511546034475389,0.016813065453874954,0.01734137193295474,0.7469887017606964,0.9418843505539852
5000,gaussian,sin,27,150,0.03717997925941716,0.04669914038128756,0.01940104797430986,0.02622524680872288,0.7511795164931061,0.9454995070743112
5000,gaussian,sin,28,151,0.03621134582768824,0.04479843584595708,0.03119600864938149,0.03436165597732194,0.7205855346462537,0.9277121849362858
5000,gaussian,sin,29,152,0.03741174477102758,0.046350485525114594,0.02301332425117336,0.023738053886447487,0.7556164586901486,0.9406327024926663
5000,heavy_tailed,sqrt,0,123,0.03403173047078557,0.04241850742938439,0.05657300362831974,0.057493220865829815,0.8667849392488463,1.1538015463098446
5000,heavy_tailed,sqrt,1,124,0.03653241967702868,0.04596539954336916,0.022150673673208943,0.02858872857535972,0.8758589840684635,1.1486193277676513
5000,heavy_tailed,sqrt,2,125,0.036621330704400754,0.045585429215892266,0.0763244141049172,0.08130787575187551,0.8481633262461362,1.103769848567393
5000,heavy_tailed,sqrt,3,126,0.03899315773842367,0.0489824573335499,0.03884262192383503,0.03917672418491067,0.9184464066075414,1.237252656214113
5000,heavy_tailed,sqrt,4,127,0.03629858821080983,0.045356369156238655,0.013764894054498544,0.016654795075640494,0.8704487062927256,1.1461740219726861
5000,heavy_tailed,sqrt,5,128,0.03596061075751895,0.04507155676415006,0.043575759031630246,0.0464660733564123,0.7883282009681924,1.016974406699426
5000,heavy_tailed,sqrt,6,129,0.03694630397727681,0.04612257183905896,0.04877616245668326,0.057667447825834724,0.9097670975979317,1.2119627806953184
5000,heavy_tailed,sqrt,7,130,0.03591301931675405,0.0452125924008497,0.011022364200762469,0.013507770984433813,0.839785593670841,1.088911411380353
5000,heavy_tailed,sqrt,8,131,0.035458221507214,0.04463947174744092,0.026145898698677672,0.028755370326319515,0.803320954702975,1.0423267458094692
5000,heavy_tailed,sqrt,9,132,0.036093992112492,0.04499685926714664,0.06420716817347699,0.0652242929967893,0.8491055932585028,1.1353451939393477
5000,heavy_tailed,sqrt,10,133,0.03402924102870047,0.04320139058141286,0.042034316004981975,0.0432059302636777,0.8784369525642781,1.1720596981036817
5000,heavy_tailed,sqrt,11,134,0.03494630576906109,0.04355263150694792,0.030949350727076774,0.03361836773262173,0.8533160710166225,1.1126463483396778
5000,heavy_tailed,sqrt,12,135,0.03529719162401386,0.04468206442589848,0.028633728466648467,0.03725847845559217,0.8658783522653899,1.1850979380471447
5000,heavy_tailed,sqrt,13,136,0.035359845131725784,0.04454389631491902,0.02575207377955835,0.025754545189895145,0.8656819705710036,1.1293288892072166
5000,heavy_tailed,sqrt,14,137,0.03552845303476011,0.044983285881737195,0.04883780872147209,0.049365826104662565,0.8743509076548002,1.137094412655942
5000,heavy_tailed,sqrt,15,138,0.03658828175301123,0.04579298587544673,0.019099528331519733,0.019118665423974068,0.8480450387180196,1.1432959309596336
5000,heavy_tailed,sqrt,16,139,0.036039613055548037,0.04510030098193613,0.038025666629319554,0.040597688932497225,0.8695049738525561,1.1166643566767491
5000,heavy_tailed,sqrt,17,140,0.03533961928139775,0.04394795894046357,0.01248797951042585,0.01451760600217494,0.8563883800273526,1.108305567785583
5000,heavy_tailed,sqrt,18,141,0.03437448868822479,0.04311970280449825,0.021976467128967114,0.02485225664193131,0.8638000453259513,1.134660436847876
5000,heavy_tailed,sqrt,19,142,0.035543897944754696,0.04418803982846198,0.05799193245484552,0.060646740255033145,0.8611460081251514,1.1426419706863393
5000,heavy_tailed,sqrt,20,143,0.036378121229876145,0.04573392980320464,0.028868563990276597,0.029311302695685944,0.8334240137253355,1.1058927723598628
5000,heavy_tailed,sqrt,21,144,0.03803169566332244,0.04711861350999837,0.03583688480477215,0.041450735738602,0.841408154868639,1.1216962585222399
5000,heavy_tailed,sqrt,22,145,0.033589764075022475,0.04246459316505798,0.03913670561570726,0.04030600197192839,0.8551027995491263,1.1113171222828642
5000,heavy_tailed,sqrt,23,146,0.03637427798445803,0.045529259780977716,0.0269959856832781,0.03400019156488261,0.8523482886554918,1.130761360639634
5000,heavy_tailed,sqrt,24,147,0.036220638888993725,0.044883111258068625,0.04876182657547129,0.050016508170994234,0.8707087087233819,1.1389817227602428
5000,heavy_tailed,sqrt,25,148,0.03619970486733377,0.045957601126895106,0.030416350026330363,0.030685751994164057,0.8562665261975995,1.1737190052646445
5000,heavy_tailed,sqrt,26,149,0.0350148468723799,0.04437334968041472,0.05834327050433691,0.058611711843926245,0.8512263452389314,1.151205341601762
5000,heavy_tailed,sqrt,27,150,0.03576259959341334,0.04554073176638577,0.018709823963881766,0.025528027468039904,0.8311304223643002,1.0953733292540897
5000,heavy_tailed,sqrt,28,151,0.03690817709958124,0.046200625963727794,0.009509879736813276,0.010700109275269086,0.8533822051058959,1.1241748072399713
5000,heavy_tailed,sqrt,29,152,0.03602467938006775,0.04508559004840111,0.021456471565373614,0.02327698263282703,0.855229321833005,1.122365403944932
5000,heavy_tailed,quadratic,0,123,0.03463158950393824,0.043164032524018604,0.054761384392936874,0.05611831191482214,0.8665942973116953,1.1562305564943607
5000,heavy_tailed,quadratic,1,124,0.03704947878958846,0.0465029443341472,0.02153143412090497,0.026301821249373546,0.8771071733368276,1.154155984336093
5000,heavy_tailed,quadratic,2,125,0.037170145716177,0.046145590961184514,0.07788988230608396,0.08168558902264071,0.8471017894655877,1.103336523658824
5000,heavy_tailed,quadratic,3,126,0.0394455124438899,0.049522682288548545,0.03658412193632865,0.03688842092427105,0.9208107057501251,1.2419970922431327
5000,heavy_tailed,quadratic,4,127,0.03677778304259448,0.045843096434283706,0.01575032273016086,0.01749810781197803,0.8724037106536489,1.147792567525091
5000,heavy_tailed,quadratic,5,128,0.037102944743341436,0.046478979167784894,0.041790119096625444,0.04584197696655811,0.7910284954071929,1.0209556371752315
5000,heavy_tailed,quadratic,6,129,0.03716455852019064,0.04616560767911145,0.046902916040136966,0.0566640375465043,0.9060643425156362,1.2116158960167311
5000,heavy_tailed,quadratic,7,130,0.0367032876020107,0.04595498648542569,0.009815567166338468,0.013321946892069239,0.8421548518422847,1.0897628194552276
5000,heavy_tailed,quadratic,8,131,0.03573310467471994,0.04499357459063823,0.03062452838458779,0.03247544052968612,0.802750138033825,1.0466046756153458
5000,heavy_tailed,quadratic,9,132,0.03655003604585054,0.04549128969187928,0.06607954004143896,0.06663043946445056,0.853541850295317,1.1404081805003077
5000,heavy_tailed,quadratic,10,133,0.03438237503687532,0.04372412814708741,0.043003573020904406,0.04484187231025584,0.8811277833996328,1.1756566131726727
5000,heavy_tailed,quadratic,11,134,0.03572051831028809,0.044554238823359085,0.029807896890718888,0.03170049551318789,0.8524325828138067,1.110845646515586
5000,heavy_tailed,quadratic,12,135,0.035849959830655864,0.04522834443884194,0.030159444869949925,0.0378046403984584,0.8728409014120155,1.1921505547152775
5000,heavy_tailed,quadratic,13,136,0.03596123560170955,0.04504576900894407,0.023022393303066657,0.02340540099458312,0.8690164798645514,1.131411017886538
5000,heavy_tailed,quadratic,14,137,0.036292912451399845,0.04586878878860146,0.04431804740445955,0.04487158217940096,0.8761686285965122,1.1404164466076068
5000,heavy_tailed,quadratic,15,138,0.037124030522231184,0.0464187723060816,0.015807402309253038,0.015870896352636967,0.8517032491220891,1.1470863869452341
5000,heavy_tailed,quadratic,16,139,0.03671248135243964,0.04600353322786863,0.03754499536495237,0.040462859119593804,0.8709139842885091,1.1186411010855624
5000,heavy_tailed,quadratic,17,140,0.035966055019414835,0.04435330084201542,0.010083989841824736,0.010779442412677623,0.8590826190764476,1.110985051550485
5000,heavy_tailed,quadratic,18,141,0.03520809633823812,0.04385271174145559,0.02244784074905687,0.02622417978250849,0.8681822498391327,1.1424691828862064
5000,heavy_tailed,quadratic,19,142,0.036077908483191,0.04497797592878507,0.05901974084760048,0.06090642657072128,0.8629072035259381,1.1458151673407244
5000,heavy_tailed,quadratic,20,143,0.03714066523678805,0.04680297380086308,0.03241927046040488,0.0326750418449296,0.8356173772678395,1.109859457444112
5000,heavy_tailed,quadratic,21,144,0.038238200456921695,0.0475371822772965,0.038355055467449495,0.04273810651716892,0.8486816199683385,1.1253714789238296
5000,heavy_tailed,quadratic,22,145,0.03436090608969936,0.04328391730818849,0.04041535309255134,0.04153800640733499,0.8570730620839159,1.1140033382711036
5000,heavy_tailed,quadratic,23,146,0.036917587395103334,0.04620121584076262,0.026540092049536113,0.03453054707878455,0.8547354533943428,1.1346856837513664
5000,heavy_tailed,quadratic,24,147,0.036532255830015216,0.045394695905259595,0.04728197486465824,0.048657777994291586,0.8676356842876535,1.1355633650365557
5000,heavy_tailed,quadratic,25,148,0.036656567133306325,0.04672269093470805,0.025340261305118128,0.025862820072125998,0.8568275543750894,1.1719458593827043
5000,heavy_tailed,quadratic,26,149,0.035354202887184695,0.044680746796702794,0.05626731050370687,0.056554440305664734,0.8551081562093291,1.1510554636376171
5000,heavy_tailed,quadratic,27,150,0.036905473160866585,0.047050548339309405,0.016958178609674246,0.023431587241357552,0.8351773504018192,1.0954809747330752
5000,heavy_tailed,quadratic,28,151,0.036841626913826954,0.04614736069529274,0.006565791297965973,0.007535688818317368,0.8547351229949516,1.1259339720827193
5000,heavy_tailed,quadratic,29,152,0.03646182130889406,0.045545484451486845,0.0235264499171135,0.027766922006052186,0.855223480376598,1.1256077405293625
5000,heavy_tailed,bump,0,123,0.03717160068450371,0.04658659064372066,0.050512777773058626,0.05202633431993611,0.8908531266627341,1.1743506232959082
5000,heavy_tailed,bump,1,124,0.03890920998592012,0.049209148851295716,0.023770318018544623,0.031180638932533804,0.8912375039391253,1.1626574101988298
5000,heavy_tailed,bump,2,125,0.03994708403859758,0.05030980251928657,0.0767934113452573,0.08240714039325327,0.859414835632886,1.1201524554265652
5000,heavy_tailed,bump,3,126,0.042320578231763446,0.05286943826833698,0.037055680798816604,0.03748886729085846,0.9215650743582908,1.2400630376662998
5000,heavy_tailed,bump,4,127,0.03930854788297374,0.049413267012267385,0.014291921177905453,0.019172274441171727,0.8836455211154625,1.157171206660252
5000,heavy_tailed,bump,5,128,0.03834546919200039,0.04802942416721043,0.052663044529057124,0.05327460783762544,0.8017635276119308,1.0299258179011925
5000,heavy_tailed,bump,6,129,0.04083402020690518,0.05125218143051767,0.05062177117247546,0.05885211882331972,0.9299107538829039,1.2272316093886058
5000,heavy_tailed,bump,7,130,0.038578989685819264,0.048676622425123106,0.01357062129266351,0.015019646981642655,0.8478902834163694,1.104679674154958
5000,heavy_tailed,bump,8,131,0.03956506704685794,0.049752801283814124,0.019736153397775402,0.02644437691584369,0.8189805758810614,1.0546222251673731
5000,heavy_tailed,bump,9,132,0.03925847444807353,0.04917250019041313,0.05625948772779782,0.057902211041515675,0.8636406858221849,1.1497887059387024
5000,heavy_tailed,bump,10,133,0.03832898894536828,0.048152202591188395,0.038873060367479395,0.03888414583249801,0.8899050735375557,1.1855254797341854
5000,heavy_tailed,bump,11,134,0.038547117391036854,0.04782369679365421,0.035099271976786584,0.04017972131227332,0.8689515388418408,1.1313233033092729
5000,heavy_tailed,bump,12,135,0.03842684483073419,0.048584524742728896,0.029993124533326587,0.03881624062598195,0.8700091997329836,1.1925624803165613
5000,heavy_tailed,bump,13,136,0.03868332943344531,0.04896380579542877,0.026872452731313112,0.026996284447969303,0.8825341907449336,1.1511060441056666
5000,heavy_tailed,bump,14,137,0.038480035356359056,0.048719036646104136,0.0523457432660972,0.05352211117422571,0.8847207180593663,1.1446070002870017
5000,heavy_tailed,bump,15,138,0.039702469775451235,0.04970979244689851,0.021486939582741282,0.022171701803806423,0.8605459385378353,1.158129240944175
5000,heavy_tailed,bump,16,139,0.03889792733500755,0.048685267813752035,0.03797801828374664,0.04207992608567898,0.8839577390036898,1.137673316350202
5000,heavy_tailed,bump,17,140,0.03836222711194384,0.048212351681092135,0.012103105851497875,0.016504710344570628,0.8691315415996224,1.1269734346422784
5000,heavy_tailed,bump,18,141,0.03705014040683737,0.04700696751052298,0.021335120295388588,0.02429911510134924,0.8780435268538911,1.1457840634758854
5000,heavy_tailed,bump,19,142,0.038282054150390016,0.04757236877313137,0.054035729419705025,0.05876520108853337,0.8847597288286747,1.1659098645241812
5000,heavy_tailed,bump,20,143,0.038920993395782415,0.049236723752460756,0.027238683426586585,0.028469183476375136,0.8457857652084415,1.1186254737075023
5000,heavy_tailed,bump,21,144,0.04209740164540313,0.052004790404649136,0.030740073267540302,0.04039827177834834,0.8583712218643563,1.1385203270932465
5000,heavy_tailed,bump,22,145,0.036406417958809854,0.046201856694524014,0.03613206413762121,0.03792882849286938,0.8688611017218616,1.126748486570725
5000,heavy_tailed,bump,23,146,0.03912731990666102,0.0487357218928632,0.027518258883052815,0.032499057995895676,0.8631034306140875,1.1404245678134008
5000,heavy_tailed,bump,24,147,0.03971942677340578,0.04957192583015424,0.052549548094540544,0.05465166931725506,0.8956290959077883,1.1706192299561828
5000,heavy_tailed,bump,25,148,0.039050002616247734,0.049746069351783766,0.040542710916893765,0.04075774526480793,0.8797046742539583,1.1956637972893456
5000,heavy_tailed,bump,26,149,0.03892453002326491,0.0493327627067932,0.06011795533249248,0.060147462773035974,0.8630029660298482,1.16779404175408
5000,heavy_tailed,bump,27,150,0.03871316415976533,0.04883576848905278,0.020985223773758777,0.028427637243624012,0.8456627726324702,1.1119199301460125
5000,heavy_tailed,bump,28,151,0.04026657822348538,0.05037574250849268,0.012601237650631814,0.01299175596769596,0.8734310975025477,1.1496634966241872
5000,heavy_tailed,bump,29,152,0.03998989390222091,0.05051161159228897,0.015996865239290003,0.016249902752588752,0.8758929551317527,1.1385518374024095
5000,heavy_tailed,sin,0,123,0.04209493547715783,0.05285048014353694,0.046830988803240325,0.05163959945518969,0.9092339221033376,1.1928188578075982
5000,heavy_tailed,sin,1,124,0.04377416379588129,0.054839908736604805,0.020667563554889246,0.02495701586677943,0.9114535696318853,1.1841930911557066
5000,heavy_tailed,sin,2,125,0.04384750507341775,0.05498782163520324,0.07768214504417081,0.08115353692034258,0.8728790761664252,1.1389665690640987
5000,heavy_tailed,sin,3,126,0.04543106685954643,0.05685207351120897,0.037662844417606756,0.03928659249134403,0.9392480642440734,1.2716877772571178
5000,heavy_tailed,sin,4,127,0.04392431943806821,0.05477915360488717,0.01842943046979878,0.021172429015380478,0.9030924614604535,1.1754156249307945
5000,heavy_tailed,sin,5,128,0.04266670095915525,0.052875629898583756,0.052438707836639176,0.05369423342065761,0.8234690416341404,1.0545463210176553
5000,heavy_tailed,sin,6,129,0.04400842371696499,0.05498560049499626,0.05110529430255917,0.0579357788515998,0.9368265427763195,1.2358850853412673
5000,heavy_tailed,sin,7,130,0.042882727481542635,0.05365193987189896,0.008305682327703567,0.00833656002759439,0.8654963633308651,1.120035907551646
5000,heavy_tailed,sin,8,131,0.0432903821461881,0.05343499277024854,0.032244360688746365,0.0344097175886609,0.8386281520732873,1.0775735623251892
5000,heavy_tailed,sin,9,132,0.04287272010655778,0.05316704665552163,0.062026159831351346,0.06259550266552777,0.8879437465655006,1.1740339842790026
5000,heavy_tailed,sin,10,133,0.04199797913403516,0.05308189046949221,0.036943989443297354,0.0375789970984828,0.9114742994317464,1.209111141656552
5000,heavy_tailed,sin,11,134,0.04161132258076251,0.051589301479997136,0.03293551056058042,0.04074124404565962,0.8840387454896222,1.1456742614495383
5000,heavy_tailed,sin,12,135,0.04269910480596561,0.05350856373264021,0.025916615065096626,0.0357436104939741,0.8912735668530865,1.2141848248590945
5000,heavy_tailed,sin,13,136,0.04241232495928949,0.05278499690697225,0.01519549615428395,0.01581968570505347,0.904780211299851,1.176488366527936
5000,heavy_tailed,sin,14,137,0.04329922064927805,0.05401797024769048,0.060623018875889556,0.06062880161065136,0.9055722478010793,1.1648966134742447
5000,heavy_tailed,sin,15,138,0.04225773804899095,0.05283896169162129,0.008532118655380172,0.011301355100613699,0.8818375188916385,1.174874321658864
5000,heavy_tailed,sin,16,139,0.04270983952288336,0.053555173843378386,0.04980531566257612,0.0555200143048015,0.9063298002902729,1.1614142459125796
5000,heavy_tailed,sin,17,140,0.04225639617293186,0.05249956163025002,0.011057396051827983,0.012789636332962854,0.8970561530235752,1.1529527815599567
5000,heavy_tailed,sin,18,141,0.04278079396229701,0.053151699962674215,0.02291634721825725,0.03041878860706207,0.9043235115943232,1.1767616880478666
5000,heavy_tailed,sin,19,142,0.0417436798899707,0.05210007219863212,0.053920099559542745,0.059469478571408906,0.8990504452408689,1.185499331869948
5000,heavy_tailed,sin,20,143,0.043073874993848855,0.0547233302648695,0.04657883398898144,0.046852014212227504,0.886659034985201,1.1639078529734355
5000,heavy_tailed,sin,21,144,0.04504091811004117,0.05589761379813359,0.02988529360613268,0.04157063948276613,0.8926934399062371,1.158193538942259
5000,heavy_tailed,sin,22,145,0.03924795635698908,0.04990836275377069,0.0447310646346758,0.045065974267062575,0.8861834037373824,1.1481960968687988
5000,heavy_tailed,sin,23,146,0.043170713555796464,0.05365966508473082,0.025937712188918938,0.034959413615562845,0.8839054180488497,1.1635527419014173
5000,heavy_tailed,sin,24,147,0.043195172818249694,0.05408914743958599,0.05062936551063013,0.05268410153773582,0.9072043526986397,1.188352812910892
5000,heavy_tailed,sin,25,148,0.04284277633088314,0.05455347253204799,0.03410739892558956,0.034162347334154505,0.8907922915351889,1.2059121919764693
5000,heavy_tailed,sin,26,149,0.041767564406542924,0.05240316358953799,0.05408898509088517,0.054108978520551305,0.8673562198358715,1.1748012767125344
5000,heavy_tailed,sin,27,150,0.04394373605671266,0.055082258557742445,0.02126708783395248,0.024081990197450942,0.8632465771828189,1.1258289438659548
5000,heavy_tailed,sin,28,151,0.042484184642941424,0.05316665982363519,0.008654727037011534,0.009105122210192242,0.8958757575609816,1.178909832412287
5000,heavy_tailed,sin,29,152,0.044893122984568996,0.05619485864475514,0.016343888667455786,0.02140536412322871,0.8879763702644395,1.1574808173845406
