variable,variable_type,cfp_beta_hat_std,cfp_bootstrap_se_std,cfp_ci_lower_std,cfp_ci_upper_std,cfp_beta_hat_iop,cfp_bootstrap_se_iop,cfp_ci_lower_iop,cfp_ci_upper_iop,cfp_ci_excludes_zero,cfp_n_success,roi_beta_hat_std,roi_bootstrap_se_std,roi_ci_lower_std,roi_ci_upper_std,roi_beta_hat_iop,roi_bootstrap_se_iop,roi_ci_lower_iop,roi_ci_upper_iop,roi_ci_excludes_zero,roi_n_success,cfp_significant,roi_significant,significant_either_image,significant_in
is_female,sex,0.0014786706499798,0.1876695785928104,-0.3516445781111867,0.3815634682417938,0.006179263493888,0.7842583309053653,-1.469498636749034,1.5945276319240136,False,2000,0.0870092591099402,0.1790843895892289,-0.2517223305314958,0.4403251672397263,0.3636057417218942,0.7483814133519634,-1.0519303995591882,1.840088752286904,False,2000,False,False,False,none
z_vf_00_mean,vf,-1.1543568580266816,0.4406351374431542,-1.8755226841290205,-0.1418376428998313,-4.823978342858864,1.8413840965626975,-7.837680996884413,-0.5927298068992118,True,2000,-1.133504190073224,0.4319210539247151,-1.8618953885046936,-0.1707780077061244,-4.73683646996328,1.804968537649076,-7.780733460681558,-0.7136696116824965,True,2000,True,True,True,both
z_vf_01_mean,vf,0.4602634336734871,0.4239567040263607,-0.4415764308566597,1.2644319417536256,1.9234094037837297,1.7716860642462766,-1.845317697346071,5.2839745877764654,False,2000,0.575269273778342,0.3865205729761912,-0.2541224002150171,1.263632078788467,2.4040109423031866,1.6152430335051973,-1.061960126583508,5.280632015161809,False,2000,False,False,False,none
z_vf_02_mean,vf,0.3101814396451407,0.5056695623980876,-0.6875768734259353,1.33110051063285,1.2962270174951025,2.113158509597481,-2.873336718532024,5.562577976482923,False,2000,0.2975851006401698,0.4801912583480041,-0.7162207763392593,1.1774504178741625,1.243587778479221,2.0066864198829717,-2.99303762934485,4.920484749685432,False,2000,False,False,False,none
z_vf_03_mean,vf,1.0378235143080892,0.5468887529114957,0.0085553572002997,2.1393070749851355,4.336993471230524,2.2854106870452444,0.0357522524882106,8.94001792140304,True,2000,0.9122733896417176,0.535106272639592,-0.0865643880478221,1.9908300031469297,3.812328088838168,2.236172508000691,-0.3617466559858845,8.319542395158061,False,2000,True,False,True,CFP
z_vf_04_mean,vf,1.01260722698867,0.507101883866136,0.0389721941445973,2.0426920596435716,4.231616331509512,2.119144083030716,0.1628621333342336,8.536270381496356,True,2000,1.1042878134243002,0.4790639592051242,0.188100424596532,2.041468987845081,4.614743230570962,2.0019755138807565,0.7860588068817571,8.531159248117925,True,2000,True,True,True,both
z_vf_05_mean,vf,-0.7982826534717667,0.5622428010281328,-2.0070990162494526,0.225985519944555,-3.3359686002218054,2.3495742037903913,-8.387529487988626,0.944378028710976,False,2000,-0.786217470468774,0.5485970787395925,-1.970100503320089,0.2399864845594597,-3.2855490258030593,2.292549663818314,-8.232915233437968,1.0028871020636396,False,2000,False,False,False,none
z_vf_06_mean,vf,-0.3081471696025944,0.5842169642835662,-1.6883840545622375,0.6775761352058602,-1.2877259421469252,2.441402728834079,-7.055641465637845,2.831544317637284,False,2000,-0.3032624694914153,0.5717861559436649,-1.5669247202515826,0.6975928581733835,-1.2673131145331409,2.3894552311439607,-6.548071216300692,2.9151928336216764,False,2000,False,False,False,none
z_vf_07_mean,vf,0.4355762990725242,0.6841410789585233,-0.9633078916562282,1.7016947960969009,1.820243557075056,2.8589787684873187,-4.02559778160669,7.1112661439547145,False,2000,0.4573150200706004,0.6806942580304697,-0.8827386570799929,1.8222525278465336,1.9110881850312984,2.844574739617886,-3.6889044618642335,7.615068657865865,False,2000,False,False,False,none
z_vf_08_mean,vf,-0.7436852073640462,0.527772407564463,-1.8251553363067248,0.2474302811072997,-3.107809607820376,2.205524787544169,-7.627199295846711,1.0339942186244684,False,2000,-0.5031641994646285,0.5220635033302613,-1.5825960971549404,0.4194191917530386,-2.102688769284535,2.1816676672821367,-6.61356082833783,1.7527241108565943,False,2000,False,False,False,none
z_vf_09_mean,vf,0.3055908343478982,0.5012119613021354,-0.651339814420106,1.2818646127903313,1.2770431919904257,2.0945304995514924,-2.721904527838547,5.356824527510879,False,2000,0.1504072854369033,0.5148524036785036,-0.8367494043079524,1.218354085113092,0.6285417568325675,2.1515329751317895,-3.4967185205463736,5.091418376953355,False,2000,False,False,False,none
z_vf_10_mean,vf,0.0400329416543423,0.4377492119848336,-0.8395114496884178,0.8677966959977266,0.1672949246142188,1.8293240114917408,-3.5082609192463172,3.6264630286458184,False,2000,-0.0243142955447445,0.4243432120212903,-0.8893294607211467,0.7730628716889465,-0.1016077777977791,1.7733012547169855,-3.7164469794192567,3.2305768573772893,False,2000,False,False,False,none
z_vf_11_mean,vf,0.3055851307999651,0.4241912444560805,-0.4729350014946532,1.2174993491417447,1.2770193572537794,1.7726661926577172,-1.976363018876264,5.08784649379957,False,2000,0.2194084411370823,0.4187023576335477,-0.5833077181814276,1.1063619996256189,0.9168928662970224,1.7497285101081763,-2.437603051572627,4.623411112816078,False,2000,False,False,False,none
z_vf_12_mean,vf,-0.1425120589156292,0.5314028629432981,-1.0185973074384478,1.0484128886834905,-0.5955481452940193,2.2206962122214167,-4.256648467941835,4.381245742351157,False,2000,-0.1909054875725932,0.5367676521846896,-1.0753231560437897,1.041326552864787,-0.7977809731709634,2.2431152994685912,-4.49370190878182,4.3516324297243445,False,2000,False,False,False,none
z_vf_13_mean,vf,0.8970221039055158,0.5505368819864009,-0.2383501549320358,1.9412612322577496,3.748594009051128,2.300655968889353,-0.996048992488092,8.112397892495082,False,2000,0.9476308962086446,0.5399229809162661,-0.2119086632572512,1.9052352818567808,3.960084690057584,2.2563012023892406,-0.8855518075793543,7.961847910219874,False,2000,False,False,False,none
z_vf_14_mean,vf,0.0525337215516953,0.4603999550354464,-0.5663223497809879,1.3734317871954678,0.2195348286563381,1.9239799172162528,-2.3666223589562483,5.739477485455145,False,2000,0.0959234160816057,0.4862534437241581,-0.4331805712520675,1.5029278626842169,0.4008573939099953,2.0320198778700913,-1.810231974399467,6.280632726401012,False,2000,False,False,False,none
z_vf_15_mean,vf,-0.3565898932535246,0.6221628604521818,-1.6378704635270969,0.7626027983199071,-1.4901647704314995,2.5999760331333133,-6.844548624217817,3.186864926317064,False,2000,-0.4183669029275647,0.6285316747373905,-1.7254446207680532,0.738608129374756,-1.7483266678395395,2.6265908723556106,-7.210515036585876,3.086592846214083,False,2000,False,False,False,none
z_vf_16_mean,vf,1.1785046012248108,0.6661092412362231,-0.0325770242738908,2.5626611890082063,4.9248901097935915,2.783624952161387,-0.1361371559230641,10.709185803247331,False,2000,1.1475665643676345,0.6647135282236315,-0.017914391599001,2.546434872399976,4.795602170165707,2.777792362959208,-0.0748630170108767,10.64137713614565,False,2000,False,False,False,none
z_vf_17_mean,vf,-0.8667382290082818,0.7002106685588286,-2.287465091261558,0.431835043631553,-3.622039767504163,2.926132484144207,-9.559160136281164,1.8046091065177132,False,2000,-0.7794777136003052,0.7154950519720683,-2.224804374570857,0.5036786551828532,-3.257384042900626,2.9900048768594547,-9.297305287702814,2.104838644538291,False,2000,False,False,False,none
z_vf_18_mean,vf,-0.5091721343676322,0.5664839816373668,-1.514637440393531,0.6716529793550239,-2.127795518255507,2.367297807427201,-6.3295662506235955,2.8067918545257844,False,2000,-0.6633275940831859,0.5610613059066611,-1.7351189831465197,0.4814449810454785,-2.772000638994777,2.3446368165010605,-7.250943535165135,2.0119256412714996,False,2000,False,False,False,none
z_vf_19_mean,vf,0.4047094351932624,0.5506485470727126,-0.7823316257598669,1.397334046984095,1.6912530444531009,2.301122609646304,-3.269310346586024,5.839363394014506,False,2000,0.6718762979046037,0.5481988034808121,-0.4430420421071085,1.668992008403743,2.807725087467782,2.2908852987569426,-1.8514423865026817,6.974603431305714,False,2000,False,False,False,none
z_vf_20_mean,vf,0.1400416579235596,0.5534644309210447,-0.931618008952672,1.2309353388537816,0.5852245085424758,2.3128899956204996,-3.8931679296187873,5.143994575681751,False,2000,-0.1300136188340779,0.5664621857839867,-1.202334213698144,1.0101486687412686,-0.5433180191820742,2.367206724046928,-5.024472430191969,4.221342184777804,False,2000,False,False,False,none
z_vf_22_mean,vf,0.348672711316439,0.4509662465437462,-0.5350343939438376,1.2696651380871609,1.4570794087121937,1.884557094767223,-2.235872131848186,5.30584375726367,False,2000,0.4396663350919874,0.4403350199841151,-0.4243808262207427,1.3271923403880286,1.837335537810659,1.8401299262317017,-1.7734584418833983,5.546246000378539,False,2000,False,False,False,none
z_vf_23_mean,vf,-0.3194252423062882,0.3782864274745726,-1.0629066953979367,0.4061406638965273,-1.334856236469263,1.5808331027324392,-4.441814369123638,1.697234051297059,False,2000,-0.1732852078108233,0.3593301972679433,-0.87808997314961,0.5188604720405999,-0.7241470294083775,1.50161631345001,-3.669477929724686,2.1682824186344707,False,2000,False,False,False,none
z_vf_24_mean,vf,-0.5718974136807025,0.5188554404645297,-1.662912770659524,0.3522512749817029,-2.3899201696161607,2.1682613920222713,-6.949198712638962,1.4720339814682168,False,2000,-0.5919070924770515,0.4916432961218467,-1.5602931138391365,0.3337665305126499,-2.4735392484910914,2.054543702332921,-6.520358186755661,1.3947874988298898,False,2000,False,False,False,none
z_vf_25_mean,vf,-0.0847954223722786,0.6568959273161347,-1.309372151054043,1.257506351135204,-0.3543542694385651,2.7451231435504497,-5.471776648189007,5.255033018345429,False,2000,-0.0100534797150308,0.6368595968723745,-1.2488575185642456,1.3244571091073003,-0.0420128039942382,2.661392689264164,-5.218890138677666,5.534815655967107,False,2000,False,False,False,none
z_vf_26_mean,vf,-0.4189164877277807,0.4951948674456343,-1.4367056968982097,0.53843557347471,-1.7506233451238402,2.0693854759403973,-6.003894825683725,2.2500854284410186,False,2000,-0.4588233557633696,0.4844793084227652,-1.4190900361711585,0.5511090460382705,-1.9173914167096875,2.0246058878099893,-5.93028018455125,2.3030470033217205,False,2000,False,False,False,none
z_vf_27_mean,vf,-1.0297114282210589,0.6474371576033545,-2.2671407523897753,0.1486170924550688,-4.303093618401533,2.705595591972906,-9.474226114476153,0.621060662824368,False,2000,-1.1048377903765096,0.6520286764271208,-2.3425778464915448,0.2681395134915798,-4.617041546631617,2.724783235042434,-9.789472570253462,1.1205366840885485,False,2000,False,False,False,none
z_vf_28_mean,vf,0.9555172568766888,0.6774741591340161,-0.6758166817825275,1.93175088538817,3.993041251801976,2.83111816660899,-2.8241916821412425,8.072654803507545,False,2000,1.0835689478435098,0.6956323421732811,-0.550410982428124,2.1143975204662113,4.528160508637649,2.906999971371532,-2.3001298432478063,8.835922597072429,False,2000,False,False,False,none
z_vf_29_mean,vf,-1.047698670740529,0.5985098670945461,-2.2147252520744596,0.1024110891763546,-4.37826107442549,2.5011317919373366,-9.255185324279408,0.4279689359665102,False,2000,-1.1121356007573535,0.6226255118318853,-2.3431783469695047,0.0743343076553439,-4.64753859698714,2.6019094216002023,-9.791982020672032,0.3106379866567213,False,2000,False,False,False,none
z_vf_30_mean,vf,-0.3316598922166647,0.4604308497129818,-1.267297262731256,0.541203862909479,-1.385984001501133,1.9241090239602412,-5.295948568132121,2.261653920616756,False,2000,-0.3826864212143711,0.4444718804798603,-1.3171457981566896,0.4038013362544255,-1.5992203755778454,1.8574175832505349,-5.5042621876540725,1.6874581611086117,False,2000,False,False,False,none
z_vf_31_mean,vf,0.1010035021270888,0.4850794476983047,-0.7359153963502989,1.1912899806637136,0.4220867259773441,2.027113828788354,-3.0753400991084026,4.978319335851063,False,2000,0.1824236861687275,0.4857253961067627,-0.6591756408088083,1.2294647931595917,0.7623361053242718,2.0298132029994904,-2.7546499102865005,5.1378492658223,False,2000,False,False,False,none
z_vf_33_mean,vf,-0.3821211123641967,0.2961190203162072,-0.9863066535278796,0.1550112610894616,-1.596857988564414,1.2374611290964843,-4.121708034177174,0.6477814561374746,False,2000,-0.3386908027898025,0.2923267882415589,-0.9479574486169098,0.1631982409639702,-1.4153656958182388,1.221613650674196,-3.9614493302330422,0.6819942849810297,False,2000,False,False,False,none
z_vf_34_mean,vf,0.2643111344386109,0.2849691775930177,-0.3329605955390277,0.7981455313426584,1.1045381499165885,1.190866699090763,-1.3914195517072363,3.335395576224464,False,2000,0.2225405224616573,0.2746763735495011,-0.3410334012520468,0.753104879548993,0.9299816198941128,1.147853775099397,-1.4251552545403126,3.1471737735036736,False,2000,False,False,False,none
z_vf_35_mean,vf,-0.5264108420491622,0.3793362659515694,-1.1977513633474637,0.2773077620154524,-2.199834898397218,1.5852203059108303,-5.005321012078478,1.158850167491518,False,2000,-0.5825921687586981,0.3637546331297199,-1.242975195402061,0.170968375583358,-2.4346128194840913,1.5201057282511348,-5.194308312578773,0.7144651460188373,False,2000,False,False,False,none
z_vf_36_mean,vf,0.2674424038017756,0.3437665383006261,-0.4053345208856307,0.9214633093373558,1.1176235103824892,1.4365768472988554,-1.6938652348008676,3.850732134585472,False,2000,0.1790936224225444,0.3515602435024585,-0.5442445013745737,0.8697618787402877,0.7484199967307924,1.4691462081882911,-2.274360540759469,3.634675392893457,False,2000,False,False,False,none
z_vf_37_mean,vf,-0.2915163332710066,0.5309142692868541,-1.342830142131475,0.7460590627714709,-1.2182268147935746,2.218654412754679,-5.611595304119205,3.1177297871781446,False,2000,-0.2871335645091132,0.5094056676077957,-1.3212837983151966,0.7153546524779436,-1.1999115239525138,2.1287714376906908,-5.521554607245625,2.9894181569779064,False,2000,False,False,False,none
z_vf_38_mean,vf,0.3037076167993008,0.4572141525267542,-0.5228137371199983,1.2579543860486928,1.269173354681315,1.910666666465676,-2.184802842967721,5.256905325599885,False,2000,0.3697682648185921,0.444135859663741,-0.5035808073653174,1.232659683979175,1.545236283700547,1.8560133752463652,-2.1044297452023484,5.151200496002381,False,2000,False,False,False,none
z_vf_39_mean,vf,-0.5011614711043122,0.4246658046176032,-1.3295283126235862,0.2923417801354356,-2.0943195044687046,1.774649347109177,-5.556007868552574,1.2216763007731468,False,2000,-0.5309438723639198,0.4258949241086421,-1.379966573094222,0.3191856477486737,-2.2187781219886595,1.7797857533810584,-5.766785908696722,1.3338549872030916,False,2000,False,False,False,none
z_vf_40_mean,vf,0.2082892244481101,0.375685854677056,-0.483200897843076,0.9761531658106828,0.8704264203932403,1.5699654869106792,-2.019263497450526,4.079277303583196,False,2000,0.2004395509595702,0.360033740692077,-0.4647273335707818,0.9428742846615088,0.8376231718623129,1.5045563732917155,-1.942063736089643,3.9402071357907,False,2000,False,False,False,none
z_vf_41_mean,vf,-0.2590248862697101,0.3795357163351206,-0.9711900169601732,0.4957877740182647,-1.0824472804385423,1.5860537954197598,-4.058536644054243,2.071863191948077,False,2000,-0.2197114159034195,0.3915812947063748,-0.9805923458997936,0.5901715908402433,-0.9181589771197552,1.6363914434235771,-4.097828333501732,2.4662867058724505,False,2000,False,False,False,none
z_vf_42_mean,vf,0.2515615578019449,0.5683764124929884,-0.785423931409921,1.44275839132591,1.0512585413204791,2.3752061465161045,-3.2822328803602514,6.02918862164651,False,2000,0.1539031543234361,0.5795228809430067,-0.838362537565583,1.4506734855687329,0.6431507537652287,2.42178647566507,-3.5034596940793636,6.062265259034306,False,2000,False,False,False,none
z_vf_43_mean,vf,0.1929696911526284,0.4969597117707543,-0.5827057163907169,1.3454112603836228,0.8064071387246239,2.076760639646229,-2.4350873272707716,5.622381620726708,False,2000,0.1870323945066396,0.5104922317228056,-0.6804554253310294,1.323241468387035,0.7815955821975205,2.1333121147980245,-2.843576674104908,5.529735576556238,False,2000,False,False,False,none
z_vf_44_mean,vf,-0.5263685592368476,0.4486836269192134,-1.3086090441949805,0.4751663653758683,-2.1996582014170225,1.8750181835049344,-5.468587676827328,1.985687735893513,False,2000,-0.5104575162402635,0.4578355017090599,-1.254430438148296,0.4879275546234042,-2.1331670411712853,1.9132632421934976,-5.242178988389106,2.0390158727960563,False,2000,False,False,False,none
z_vf_45_mean,vf,0.2657628838476861,0.3615586975466692,-0.3728924765454597,1.0476341537771567,1.1106049113863548,1.5109290636683486,-1.5582921507871588,4.377991462449011,False,2000,0.2890716267016392,0.3602757028430475,-0.3474060610098081,1.0546764650604536,1.2080105532768084,1.50556751656856,-1.451786163729348,4.407420799553975,False,2000,False,False,False,none
z_vf_46_mean,vf,-0.442926279638494,0.4489420836921236,-1.3304867613034992,0.4254673589449355,-1.8509586230653792,1.876098256678507,-5.560013160020713,1.7779989878106546,False,2000,-0.530986322165455,0.4429699644802177,-1.3817538420032562,0.3347676757751509,-2.218955516805384,1.8511411790305656,-5.774254783204719,1.3989712163958914,False,2000,False,False,False,none
z_vf_47_mean,vf,0.5490562969122889,0.5217299983028718,-0.3784815115723365,1.620595643974175,2.2944687051479775,2.1802739725869698,-1.5816483458317507,6.772358335035887,False,2000,0.5414708403760333,0.5344538035250957,-0.4405324518311122,1.6824321548042551,2.262769601186186,2.2334458842050875,-1.8409549804144547,7.030768883704684,False,2000,False,False,False,none
z_vf_48_mean,vf,0.3531064059268655,0.5237909514893272,-0.6659758970655513,1.3819732100297382,1.475607515190557,2.188886554968212,-2.7830677159939103,5.775171507180937,False,2000,0.2897792251675297,0.5090793469856353,-0.6403217157895532,1.3498300585265033,1.21096755886062,2.127407766133508,-2.675860647383651,5.640847475886229,False,2000,False,False,False,none
z_vf_49_mean,vf,-0.4670146012795874,0.433431220897981,-1.3099128911038829,0.3954016718063763,-1.951622071378143,1.811279422123387,-5.474036363866534,1.6523565379814813,False,2000,-0.4605322269287967,0.4267513830874284,-1.351855159352976,0.3452081720795645,-1.924532672410155,1.7833648368650643,-5.649310233707679,1.4426013362422667,False,2000,False,False,False,none
z_vf_50_mean,vf,0.0322833790324738,0.3149587164805953,-0.5546073199037549,0.6672170712078167,0.1349100325467621,1.3161909305882074,-2.3176660504969013,2.788254497828637,False,2000,-0.0651033885526247,0.302475156365642,-0.6040203581668014,0.5656885080783172,-0.2720626071918988,1.2640229868387711,-2.524159757168572,2.363973577840406,False,2000,False,False,False,none
z_vf_51_mean,vf,-0.1369518174122545,0.2414716010775942,-0.6460638623173016,0.2947210885899125,-0.5723122764144457,1.0090933023995996,-2.699856684916388,1.2316192680415168,False,2000,-0.113430906288198,0.2421785973484568,-0.6412224276342217,0.2922130516372908,-0.4740199978371618,1.012047791451584,-2.679624660566944,1.2211383531854132,False,2000,False,False,False,none
z_vf_52_mean,vf,-0.2907383921155662,0.2765482883678927,-0.9071525347057884,0.2047684106889898,-1.214975851922112,1.1556763790721702,-3.7909283863665486,0.8557131805444558,False,2000,-0.3327773553692117,0.2633015052719091,-0.8934140803386598,0.1289675871892168,-1.3906538035726042,1.1003189786952956,-3.7335163253816335,0.5389467244947613,False,2000,False,False,False,none
z_vf_53_mean,vf,0.1022850666475412,0.3775343237090227,-0.5905775669754311,0.8961086556255,0.4274422964395031,1.5776901125458538,-2.4679832523695286,3.744776771175788,False,2000,0.1398664153750779,0.3592038363335895,-0.5322785576784335,0.9048670617456304,0.5844921819203008,1.501088259749399,-2.224355680615332,3.781377551209872,False,2000,False,False,False,none
z_vf_54_mean,vf,0.3810167769201927,0.4577696475177544,-0.5049152938639462,1.2734608981137856,1.5922430462889088,1.9129880420329617,-2.1100064729910386,5.321705978755928,False,2000,0.3979338032649404,0.4650681791875578,-0.5258694810263793,1.2606556918873764,1.6629381421296694,1.9434881066057037,-2.197572587716241,5.2681938979097716,False,2000,False,False,False,none
z_vf_55_mean,vf,0.240371205861029,0.5460092093686297,-0.8838844850049818,1.2972444790722255,1.0044948260650193,2.28173513474711,-3.693692798379372,5.421095936602476,False,2000,0.2034763045469756,0.5312420803486059,-0.8655198241047828,1.2220389251256167,0.8503135573669173,2.2200243127569563,-3.616948136760651,5.106817071294467,False,2000,False,False,False,none
z_vf_56_mean,vf,0.0372130543857103,0.5140532236258788,-1.0134471396280889,0.9944352645507112,0.155510808620454,2.1481932563618957,-4.2351262689731985,4.1556769435824465,False,2000,0.1145060659064747,0.5192111824158734,-1.0622447428007695,1.025333887172468,0.4785130163328022,2.1697480133014673,-4.439048114502695,4.284800173816747,False,2000,False,False,False,none
z_vf_57_mean,vf,0.4652364606348819,0.4476405607102438,-0.6202570592437511,1.2176894350317502,1.9441913432623337,1.8706592811713536,-2.5920118202546543,5.088640849730575,False,2000,0.459076708121325,0.448924472559743,-0.5685892860677799,1.1696253910640064,1.918450158882345,1.8760246609610245,-2.3760957306229784,4.88778449793745,False,2000,False,False,False,none
z_vf_58_mean,vf,0.1487891556763764,0.4489304420970234,-0.8090363133854662,0.9412700902808552,0.6217797032557724,1.876049607248957,-3.380907409368601,3.933503317213108,False,2000,0.2059473028697341,0.4397140135863636,-0.709731272263519,1.0110724075085815,0.8606396903225477,1.8375347829770832,-2.9659184357440256,4.22520242589561,False,2000,False,False,False,none
z_vf_59_mean,vf,0.2298126792143532,0.4393263363612085,-0.6056504307719429,1.135713360609504,0.960371465492508,1.8359147063732464,-2.5309717190760295,4.74606844251024,False,2000,0.2660017284932158,0.4337009270132417,-0.5393994768657389,1.1662257036727934,1.1116030268212236,1.8124065055291012,-2.2541135147737665,4.873577436894181,False,2000,False,False,False,none
z_vf_60_mean,vf,0.5290916986756393,0.3383750566160067,-0.0709674751702515,1.2496847399592126,2.2110380148481763,1.4140462141573982,-0.296568224018603,5.222347040298965,False,2000,0.593660553879913,0.3304182885534542,0.0204087093857789,1.2853763566203475,2.480866843743484,1.3807954247277596,0.0852866004114149,5.371499864746391,True,2000,False,True,True,ROI
