image_type,t,age,sigma2_hat_std,sigma2_bootstrap_mean_std,sigma2_bootstrap_se_std,sigma2_ci_lower_pointwise_std,sigma2_ci_upper_pointwise_std,sigma_hat_std,sigma_bootstrap_mean_std,sigma_bootstrap_se_std,sigma_ci_lower_pointwise_std,sigma_ci_upper_pointwise_std,sigma_hat_iop,sigma_bootstrap_mean_iop,sigma_bootstrap_se_iop,sigma_ci_lower_pointwise_iop,sigma_ci_upper_pointwise_iop,local_support_pairs,variance_support_pairs,min_variance_support_pairs,support_ok,confidence_level,ci_method,n_success
roi,0.0,18.0,0.7325435070161287,0.6430005074387978,0.10430348130993708,0.4640827092667586,0.8692424104625581,0.8558875551239945,0.7992905243806938,0.0643696510631226,0.6812361626038779,0.9323316847764388,3.576695543610778,3.340180423804136,0.2689963684165233,2.8468393217597434,3.8961503320654267,269,134,30,True,0.95,percentile,500
roi,0.01,18.61,0.7302541662254761,0.6416529318011154,0.10194765999772144,0.4652822343096387,0.8634015641897981,0.8545491011202786,0.7985542605095962,0.06302355718783474,0.6821152591592015,0.9291940395668723,3.5711022358897364,3.3371036274528967,0.26337113419480784,2.8505130061275152,3.883038327373569,269,136,30,True,0.95,percentile,500
roi,0.02,19.22,0.7283679945346516,0.640711336533995,0.09990448914976148,0.46674533566623766,0.8580556815892886,0.8534447811866047,0.798056480094508,0.06184529727269304,0.6831875907100406,0.9263128724569754,3.5664873584308396,3.3350234371502294,0.25844726661141715,2.8549942063227958,3.870998127115168,269,138,30,True,0.95,percentile,500
roi,0.03,19.83,0.7265952262935097,0.6398296995692789,0.09818465191272727,0.46969546694568415,0.8519199772857388,0.8524055527115656,0.7975796496728054,0.060858932099720466,0.6853430359286802,0.9229951122729895,3.562144493724824,3.3330307954367804,0.2543253140284838,2.864001664442558,3.857133434266453,269,139,30,True,0.95,percentile,500
roi,0.04,20.44,0.7249045854767923,0.6389895578750941,0.09672297905536444,0.4728011183796806,0.8455366634396928,0.8514132871154833,0.7971157807352726,0.06002663051206081,0.6876051338866569,0.919530377083549,3.557997883677349,3.3310923188790125,0.250847182629446,2.8734548170641476,3.842654542924158,269,140,30,True,0.95,percentile,500
roi,0.05,21.05,0.7226464928314106,0.6376507422878656,0.09533711833604176,0.4729368594202205,0.8399462068390476,0.85008616788618,0.7963328803406884,0.05925967764810785,0.6877029403859961,0.916485763977653,3.5524519432031925,3.327820631686418,0.24764213907642613,2.8738635437341737,3.8299313130294323,269,143,30,True,0.95,percentile,500
roi,0.06,21.66,0.7197905138513367,0.6358179266939147,0.09396231805313573,0.4729642590798812,0.8344946433932119,0.8484046875467726,0.7952359991361433,0.05851906812760737,0.6877215480633672,0.9135066135573947,3.5454251518909197,3.3232368401676844,0.2445471825536081,2.873941303945,3.8174816472198385,270,145,30,True,0.95,percentile,500
roi,0.07,22.27,0.7185642692850251,0.635328403885998,0.09286510347154449,0.47493067714618303,0.8338622015737489,0.8476817028136358,0.7949745588272314,0.05788398582576371,0.6891463706929349,0.913160556190714,3.5424038481488243,3.3221442990012577,0.24189321705868838,2.8798955402452027,3.8160354971574497,271,147,30,True,0.95,percentile,500
roi,0.08,22.88,0.7170348437273608,0.6345645783846285,0.09186607257043104,0.4754148967160349,0.8278177528009338,0.8467790997228031,0.7945347461926269,0.057320911114080955,0.6894989668978138,0.9098439946075143,3.5386319315771866,3.3203063520877922,0.23954016635718137,2.881369015665115,3.802175813179427,271,150,30,True,0.95,percentile,500
roi,0.09,23.490000000000002,0.7148081652808382,0.6332340917687329,0.09084307592159908,0.4769523675209924,0.8240331866072774,0.845463284407335,0.7937367106532388,0.056767693913475116,0.6906164367982218,0.9077627108043576,3.533133229385673,3.3169714161604213,0.23722830952013566,2.8860388459354356,3.793478270541759,272,153,30,True,0.95,percentile,500
roi,0.1,24.1,0.7125776731253248,0.6319349214936297,0.08974006372023141,0.47692151456152226,0.8188182604951426,0.8441431591414603,0.7929608543338542,0.05616327639110924,0.6905944415630155,0.9048852893868463,3.527616516206244,3.313729165676217,0.23470249004094823,2.885946929352151,3.781453723275604,272,157,30,True,0.95,percentile,500
roi,0.11,24.71,0.7103304745400272,0.6306319928191957,0.08862210761597035,0.47637576841508134,0.8121508319179425,0.8428110550651475,0.7921821729823717,0.05554789614067866,0.6901996513918162,0.9011939642419928,3.522049744397436,3.31047510957613,0.2321308580711128,2.8842971282333747,3.7660279280101228,272,162,30,True,0.95,percentile,500
roi,0.12,25.32,0.7096252768628348,0.630621745576335,0.08747671369835393,0.4776415653495307,0.8068647522984725,0.8423925906979683,0.7922237596402573,0.05485689378174771,0.6911149599472103,0.898256243139484,3.5203010104331565,3.310648897374588,0.22924320648298474,2.8881221400722636,3.753751392485322,272,165,30,True,0.95,percentile,500
roi,0.13,25.93,0.7104296929651988,0.6316740015355782,0.08644608801484248,0.4787431512077898,0.8055336393098852,0.8428699146162466,0.7929332662384273,0.054191422278204705,0.6919099749273248,0.8975150130080286,3.5222957144350358,3.313613876912665,0.22646224659301717,2.891444453289059,3.750653842471778,272,170,30,True,0.95,percentile,500
roi,0.14,26.54,0.7109343499641086,0.6325367894341478,0.08542884701856038,0.4777968465488097,0.8041754278247283,0.8431692297303719,0.7935210529245059,0.05354308286956719,0.6912282787617572,0.8967580872398055,3.5235465318215233,3.3160701972646844,0.22375288055569337,2.888595691646382,3.747490701465883,272,171,30,True,0.95,percentile,500
roi,0.15,27.15,0.7109280666926495,0.6330018303370175,0.08443781847928998,0.48027118807168323,0.8022133129100509,0.8431655037373442,0.7938551659147223,0.0529283355579588,0.6930144883540087,0.8956634682244113,3.523530961151547,3.3174664325949155,0.221183893593898,2.8960601393420085,3.74291636348086,272,177,30,True,0.95,percentile,500
roi,0.16,27.759999999999998,0.710603035272619,0.6332574911921525,0.08348418791579333,0.48207554799053,0.8000810104468141,0.84297273696877,0.7940547466958825,0.052345300676337594,0.6943166005589374,0.8944722518173477,3.5227254020123957,3.318300467026533,0.21874743070764646,2.9015015771719757,3.737938351604051,273,184,30,True,0.95,percentile,500
roi,0.17,28.37,0.7109155679621968,0.6341203255619645,0.08244895716496546,0.4824738161294337,0.7993837069453923,0.8431580919152688,0.7946410620185027,0.05168414280325015,0.6946025878711021,0.8940826063319832,3.523499987654119,3.3207506386513117,0.21598449718426738,2.902696698585793,3.736310049775443,273,185,30,True,0.95,percentile,500
roi,0.18,28.98,0.7111888585396972,0.63497553711228,0.08149682479641415,0.4854696321194876,0.7977320661433815,0.8433201400059749,0.7952184086789303,0.051072854662681896,0.6967564955252045,0.8931584748933425,3.5241771755398514,3.3231633308503135,0.21342996586161503,2.9116977313285357,3.7324481677110195,273,188,30,True,0.95,percentile,500
roi,0.19,29.59,0.711120722726558,0.6355445766004237,0.08065451817271477,0.48922407168289656,0.7969354933775674,0.8432797416792117,0.7956100541840995,0.05054034957804258,0.6994454004054279,0.8927124356374746,3.5240083536958626,3.3247999906248684,0.21120466354032633,2.922934480881338,3.7305842001732423,273,189,30,True,0.95,percentile,500
roi,0.2,30.200000000000003,0.7113656596285587,0.636391872795774,0.07983479935525498,0.4907317707165236,0.7959840996935033,0.843424957911822,0.7961760153307076,0.050006266219500384,0.7005223819354371,0.8921793968975371,3.5246152023980404,3.327165103540474,0.20897276572036352,2.9274351130214757,3.7283566677429687,273,193,30,True,0.95,percentile,500
roi,0.21,30.81,0.7112540220959402,0.6369389984515503,0.07903539853290976,0.49113913345445614,0.7954797831659025,0.8433587742449474,0.7965512718023656,0.04949716942560042,0.7008131400542981,0.891896726999789,3.5243386253816404,3.3287332746651215,0.2068452850447685,2.9286501713101174,3.7271754095770615,273,197,30,True,0.95,percentile,500
roi,0.22,31.42,0.7113005271493834,0.6377181178041136,0.07834090416675311,0.49276647168062265,0.7950263046506361,0.8433863451286032,0.7970681273398365,0.04904415195271439,0.701972730630481,0.8916423730362549,3.524453842218379,3.3308931785993416,0.20495215601543645,2.933496021003125,3.7261124817632085,273,197,30,True,0.95,percentile,500
roi,0.23,32.03,0.7111598884897168,0.6383412888262667,0.07773394434238742,0.49474481491496763,0.7928643535833694,0.8433029636433853,0.7974829084022711,0.04865217055716231,0.7033788300141738,0.8904292896174741,3.524105396695584,3.3326265202850602,0.20331409257794866,2.939372014139629,3.721043089140304,273,200,30,True,0.95,percentile,500
roi,0.24,32.64,0.7108013149452013,0.6387787620018389,0.07721643623318034,0.49741851655852204,0.7928698924197852,0.843090336171161,0.7977770786162537,0.048323546710565414,0.7052758905278023,0.8904323131742476,3.5232168410345035,3.333855837485802,0.20194079600340378,2.9472997002526395,3.721055724377226,273,200,30,True,0.95,percentile,500
roi,0.25,33.25,0.7127298162917559,0.6414002071952497,0.07673896449708514,0.5015723294338983,0.7914714017672879,0.8442332712537193,0.7994413590019301,0.04794076915413834,0.7082177077271414,0.8896467708952376,3.5279930885590165,3.340810751368041,0.20034119478000642,2.9595933530858898,3.7177729969303406,273,207,30,True,0.95,percentile,500
roi,0.26,33.86,0.7156230223596215,0.6451046623304372,0.07642985694395098,0.5054955910713848,0.7963338127895723,0.8459450468911214,0.8017738485405639,0.04762240979537973,0.7109804279774485,0.892375002673191,3.5351464818491793,3.3505580655898743,0.19901079279796832,2.971138572020736,3.729174090898496,273,214,30,True,0.95,percentile,500
roi,0.27,34.47,0.7196304385826149,0.6500852923297685,0.07636620693289166,0.510031755847357,0.8015636328609914,0.8483103433193626,0.8048862914723937,0.0474114524268837,0.7141649918305759,0.8953007959961484,3.54503089381844,3.363564751687098,0.19812921638612027,2.9844466465144404,3.741400781048503,273,217,30,True,0.95,percentile,500
roi,0.28,35.08,0.7228425410483331,0.6543905820852192,0.07652665689888,0.5177150751404936,0.806441850480195,0.8502014708575452,0.8075590274083277,0.047365454807833475,0.7195217669458852,0.898017087587912,3.5529337864329227,3.3747339323277945,0.1979369954826982,3.0068322432769454,3.7527519777953704,273,221,30,True,0.95,percentile,500
roi,0.29,35.69,0.7258881354570814,0.6585302677081752,0.07698571933835156,0.5185007731913545,0.8090282157651532,0.8519906897713622,0.8101096423095319,0.04750946689013734,0.7200693174814756,0.8994598794253366,3.560410809877511,3.385392777518367,0.19853881212311858,3.009120419508535,3.7587813061859756,273,223,30,True,0.95,percentile,500
roi,0.3,36.3,0.7284847106703867,0.6623244456677122,0.07769320677862024,0.5198403418688192,0.8086287198480057,0.8535131578777135,0.8124301385552612,0.047815146253193136,0.720999508041594,0.8992377848567383,3.566773099945495,3.395089972589586,0.19981622527052326,3.013007622227123,3.75785318817677,273,223,30,True,0.95,percentile,500
roi,0.31,36.91,0.7332623304403382,0.6674999658767193,0.07875993821687123,0.5210304181667527,0.8140915129590608,0.8563073808162219,0.815581553924639,0.048284132896531225,0.7218238473417369,0.9022691301662872,3.5784499664593095,3.4082595218373104,0.20177608837076114,3.01645247977131,3.7705209728581797,273,222,30,True,0.95,percentile,500
roi,0.32,37.519999999999996,0.7386937318507046,0.6732177740750971,0.08006838492758415,0.5243003746366177,0.8265837296454838,0.8594729384051045,0.8190445650009164,0.04887281167477572,0.7240858111101397,0.9091637400856216,3.5916786150749087,3.4227312082286394,0.20423613671491572,3.02590507162385,3.7993330760670476,273,216,30,True,0.95,percentile,500
roi,0.33,38.13,0.7441278998490333,0.6787600707797592,0.08156908757221863,0.5300956583768293,0.8367947644141173,0.8626284830963057,0.8223786653501952,0.049581429920646625,0.7280766301393797,0.9147640081536617,3.604865420476056,3.4366641855103213,0.20719740388950456,3.0425824313445107,3.8227362132222344,273,215,30,True,0.95,percentile,500
roi,0.34,38.74,0.7504767197020639,0.684935498705058,0.0830908337016066,0.53567041432051,0.8466095452389892,0.8663005943101181,0.8260830724967015,0.05027236478215072,0.7318948070395661,0.9201136205016076,3.6202109220380962,3.4521446495658004,0.21008477341050313,3.058538331417898,3.845091877269916,273,215,30,True,0.95,percentile,500
roi,0.35000000000000003,39.35,0.756521589703179,0.6907610193549969,0.08449933520623541,0.5360321313077777,0.8553488715836504,0.8697824956293263,0.8295632135873202,0.050902614569546895,0.7321420060018627,0.9248502691347567,3.6347615494623966,3.466687921115238,0.21271854415812777,3.059571358971037,3.8648860078848655,273,208,30,True,0.95,percentile,500
roi,0.36,39.96,0.7627214716224352,0.6966566519600472,0.08567584809091802,0.5380697424857881,0.8625479856793155,0.8733392649036428,0.8330797809728624,0.051381032641283284,0.7335322617372672,0.9287345541685734,3.6496250449495538,3.481383415659324,0.21471782055246033,3.0653811425851707,3.8811181693263923,273,207,30,True,0.95,percentile,500
roi,0.37,40.57,0.7695972703794958,0.7031341867876205,0.08666436387317357,0.5429074749605349,0.8719157690779928,0.8772669322272987,0.8369378460948094,0.05171631964125845,0.736821723205948,0.9337642105478555,3.666038498012638,3.49750600588279,0.21611896198916236,3.0791275770384736,3.9021367592684624,273,201,30,True,0.95,percentile,500
roi,0.38,41.18,0.7761643937140419,0.709382232622479,0.0875311178539319,0.5458765069340995,0.8801267369649226,0.8810019260558072,0.8406456042459205,0.051986593428340874,0.738834114308924,0.9381503898757331,3.6816467817198415,3.513000473557278,0.2172484176565864,3.0875372217948733,3.9204663026314623,273,199,30,True,0.95,percentile,500
roi,0.39,41.79,0.7817940456017775,0.714797942405998,0.08838342953809819,0.5520300125420012,0.8853017925446777,0.8841911815901454,0.8438424103675375,0.05228188656147057,0.742987203305656,0.9409047629896736,3.6949744624283793,3.526359707653536,0.21848242745962745,3.1048926966091774,3.9319766394544406,273,199,30,True,0.95,percentile,500
roi,0.4,42.400000000000006,0.7860600966877729,0.7191145206526613,0.08924856477898926,0.5533777147939254,0.8936305447102366,0.8866003026661862,0.8463747804006191,0.05262880710353536,0.7438934184928686,0.9453199476049129,3.7050420146028533,3.5369423087883125,0.21993218467289877,3.1086797078844914,3.9504273939291417,273,196,30,True,0.95,percentile,500
roi,0.41000000000000003,43.010000000000005,0.7889294558338893,0.7222534615064288,0.09016473194464582,0.5521370841046183,0.899859918374122,0.8882170094261251,0.8482009559339929,0.05304930080331255,0.7430591366241449,0.948607440411685,3.7117981215575355,3.5445737714179133,0.22168939907928373,3.1051933010263535,3.964165601479,273,196,30,True,0.95,percentile,500
roi,0.42,43.62,0.7914209301629954,0.7251226579886381,0.09110758060984683,0.5532619349207196,0.9087789418051333,0.8896184182912331,0.8498626055847075,0.05349704182829584,0.7438156350251872,0.9532973865295121,3.7176545133377408,3.5515176916387095,0.2235604781937796,3.108354656094035,3.9837645654772285,273,194,30,True,0.95,percentile,500
roi,0.43,44.230000000000004,0.7931947574190611,0.7274192551730897,0.09196310677193566,0.5577245985554946,0.9100104991812922,0.8906148198963798,0.8511860231312725,0.05392053455922457,0.7468090180758563,0.9539443657375478,3.7218184074841614,3.5570481630339263,0.2253302253461902,3.1208637990924943,3.9864682473292854,273,193,30,True,0.95,percentile,500
roi,0.44,44.84,0.7941163566192204,0.7290432366910949,0.09273235788021596,0.5588864289436154,0.908229528063933,0.8911320646342047,0.8521136873539356,0.0543268195444742,0.7475867684296225,0.9530105546559868,3.7239799378600367,3.56092480836111,0.2270280625065492,3.124113964616813,3.9825659146992596,273,193,30,True,0.95,percentile,500
roi,0.45,45.45,0.7948062997312304,0.7304283253385643,0.0935265870169744,0.5591362962203998,0.9083842522273886,0.8915190966722084,0.8528984433037089,0.05475918082335483,0.7477541104363965,0.9530914233358969,3.725597318270904,3.564204249791906,0.2288348707141743,3.124813275415649,3.982903859380568,273,190,30,True,0.95,percentile,500
roi,0.46,46.06,0.7952626572809415,0.7315879979832803,0.09444070864047252,0.5596289227479992,0.9124418696408615,0.8917750037318503,0.853544918461692,0.05527368734333782,0.7480819363279727,0.9552148174663279,3.726666736367148,3.5669058252532744,0.23098495826500362,3.1261832373907485,3.9917773781952457,273,190,30,True,0.95,percentile,500
roi,0.47000000000000003,46.67,0.7947975291328642,0.7319813066354838,0.09547718505623962,0.5605831138461768,0.9186698608224496,0.8915141777520221,0.8537351212672039,0.05589183432888139,0.7487208849165531,0.9584722070302052,3.725576762439937,3.567700669766182,0.23356815223161037,3.1288533598334576,4.005389786352339,273,185,30,True,0.95,percentile,500
roi,0.48,47.28,0.7940787594629074,0.7321246265695973,0.09665087033281142,0.5558994641946577,0.9248658597423446,0.8911109692192704,0.8537725285784618,0.05659949664419555,0.745586575449806,0.9616990918291757,3.723891781564114,3.5678569923609826,0.23652542463779552,3.115755294982652,4.018874717183645,273,183,30,True,0.95,percentile,500
roi,0.49,47.89,0.7936602593652244,0.7323367143983022,0.09784548208165239,0.5535579955720061,0.928730410232889,0.8908761189779556,0.853849087305881,0.05731509876383249,0.7440142922181365,0.9637046245296627,3.7229103584712115,3.5681769260456657,0.23951587694310222,3.109184830913699,4.027255701145211,273,185,30,True,0.95,percentile,500
roi,0.5,48.5,0.7921911798801421,0.7315346758975734,0.09908001283951472,0.5492454135768087,0.9322860492727602,0.8900512231777125,0.8533264636380874,0.05809796122660796,0.7411102161541138,0.965544180169324,3.7194631753511747,3.5659929174894107,0.24278740562126314,3.097048895703154,4.0349430783236855,273,177,30,True,0.95,percentile,500
roi,0.51,49.11,0.7901084900962904,0.73008814260675,0.1002583645182378,0.5457480855281012,0.934009861941747,0.8888804700837398,0.8524251042664418,0.058877136968513315,0.7387469577086495,0.9664355073478468,3.7145706782599257,3.562226198335176,0.24604352774510774,3.0871730003245044,4.038667873629138,273,174,30,True,0.95,percentile,500
roi,0.52,49.72,0.7885462656753615,0.7292602465601855,0.10136348694198208,0.5408687005254071,0.935189918495649,0.8880012757171926,0.8518899446037915,0.059589181772392474,0.7354377494225315,0.9670457299400698,3.710896585145741,3.559989802713973,0.2490191142712103,3.073344045271964,4.0412179520981475,273,166,30,True,0.95,percentile,500
roi,0.53,50.33,0.7867547212058938,0.7284349357025494,0.10247915622991884,0.5378830949166745,0.9362925028387226,0.8869919510378287,0.8513547129428963,0.06031055611437434,0.7334049910944374,0.9676144019737822,3.7066786863562045,3.55775310621703,0.25203368829883227,3.0648492872750697,4.043594393625518,273,161,30,True,0.95,percentile,500
roi,0.54,50.940000000000005,0.7875293373482777,0.7295108227076286,0.10365851542449861,0.5349489797364,0.9379459283462518,0.8874284970341428,0.8519382052849043,0.06098816439241676,0.7314020251306137,0.9684712565809426,3.7085029822117175,3.5601914807989434,0.25486536693918477,3.0564790295304363,4.047175130413434,273,157,30,True,0.95,percentile,500
roi,0.55,51.550000000000004,0.7895934679821242,0.7315920688867006,0.10466331308775949,0.532421064796386,0.9413113172056164,0.8885907201755622,0.8531209208684036,0.06151692390879505,0.7296718544906083,0.9702114464663051,3.7133598332147604,3.565133968315599,0.2570750167869361,3.0492487647827535,4.0544472649020715,273,153,30,True,0.95,percentile,500
roi,0.56,52.160000000000004,0.7914662830497227,0.7333408159036034,0.10537558759880447,0.5325872454891591,0.9369253490594969,0.8896439080046143,0.8541189075635848,0.06188187439589264,0.7297852371212317,0.9679475048933875,3.7177610331062696,3.569304486444841,0.2586001199071134,3.0497225830398893,4.044986407939762,273,150,30,True,0.95,percentile,500
roi,0.5700000000000001,52.77,0.7922824797488565,0.7340950140570772,0.10594147837983443,0.5288556099582029,0.9314022191380861,0.8901025108092081,0.8545369893740027,0.06220358849403263,0.7272245110641783,0.9650896648051067,3.719677502854729,3.5710516217305854,0.2599445411155365,3.0390214840207035,4.033043689708947,273,144,30,True,0.95,percentile,500
roi,0.58,53.379999999999995,0.7915409575973844,0.7333736001853446,0.10628541291339709,0.5275627258192103,0.9289016501740707,0.8896858757996468,0.8540962127369355,0.06245847978587345,0.726334989235593,0.9637954152156221,3.717936413650792,3.5692096463167733,0.26100971438762616,3.0353042331491396,4.027635109211058,273,138,30,True,0.95,percentile,500
roi,0.59,53.989999999999995,0.7908267895504375,0.7327030309505181,0.10660682162390504,0.5269036081127785,0.9308414344260793,0.8892844255638561,0.853686263954315,0.0626949359696105,0.7258804748479466,0.9648011097334689,3.7162587805776885,3.5674964983978334,0.2619978486040525,3.033404848615424,4.031837837803946,273,136,30,True,0.95,percentile,500
roi,0.6,54.6,0.7895579433397121,0.7315550051229592,0.10694677769879007,0.5254616419185016,0.9327258109700004,0.8885707306341528,0.8529936799872067,0.06296599445540227,0.7248817575584915,0.9657772739192145,3.713276298288648,3.564602237377326,0.26313058347370355,3.0292312773826895,4.035917161159084,273,135,30,True,0.95,percentile,500
roi,0.61,55.21,0.7884024357515866,0.730541606227342,0.1072749395072254,0.525868411492741,0.9306089739789281,0.8879202868228582,0.8523803437009551,0.06322460439407254,0.7251659240059183,0.9646801975086058,3.7105581380965775,3.5620391469939716,0.2642112967165096,3.0304187895273285,4.031332553887563,273,134,30,True,0.95,percentile,500
roi,0.62,55.82,0.7871879935660019,0.7295443177952539,0.10757904733015329,0.5251909206002464,0.9296422425887789,0.8872361543388557,0.851776787124809,0.06347188409628297,0.7247001911512643,0.9641794213175142,3.7076991952458234,3.5595169253501417,0.2652446616762248,3.0284725237874173,4.029239844441912,273,133,30,True,0.95,percentile,500
roi,0.63,56.43,0.7855335264584118,0.7282090873117839,0.10797552414236658,0.5227208185112554,0.9329076551251088,0.886303292591431,0.8509686536265304,0.0637932364036786,0.7229899205984128,0.9658714271397547,3.7038008298182112,3.5561397907433454,0.26658757098587643,3.0213254201426327,4.036310621026921,273,132,30,True,0.95,percentile,500
roi,0.64,57.04,0.7836253078083465,0.7266452251462612,0.10846901174731745,0.5156607697324066,0.9302235723208706,0.8852261337129325,0.8500196283019211,0.06418798050576603,0.7180940334465271,0.9644805168127422,3.6992994565508686,3.552173878832391,0.2682371795849852,3.000865842651015,4.030498101919235,273,132,30,True,0.95,percentile,500
roi,0.65,57.65,0.7804948401612862,0.7239889164854656,0.10894448177296386,0.5119455610751373,0.9242586943732816,0.8834561902897541,0.8484225861826664,0.06462495268547155,0.7155020263870345,0.9613832284056705,3.691902984063068,3.5454999490659165,0.2700632564317367,2.990034022462495,4.01755474554429,273,129,30,True,0.95,percentile,500
roi,0.66,58.260000000000005,0.7760482950456881,0.7202338957035781,0.1094542952510032,0.5057208842005201,0.9172745669810467,0.8809360334585525,0.8461676422934975,0.06513602876693965,0.711140344281046,0.9577442732187788,3.681371421063472,3.5360766928084817,0.2721990084146805,2.971806851313972,4.002347800750626,273,127,30,True,0.95,percentile,500
roi,0.67,58.870000000000005,0.7732004861757292,0.7177944447673762,0.1101010724722013,0.5001735094833504,0.915118905447678,0.8793181939296657,0.8446839608330855,0.06566639345330241,0.7072218738938638,0.956617998583345,3.6746105803448468,3.529876489480575,0.27441536615799106,2.9554318316192707,3.997641176094944,273,125,30,True,0.95,percentile,500
roi,0.68,59.480000000000004,0.769572133896686,0.7146982249224987,0.11087943065431072,0.4912713677882402,0.9175213336610759,0.8772526055228824,0.842798839598641,0.06631089777715198,0.7008939220089937,0.9578651983314992,3.6659786276949387,3.5219986967985366,0.2771087056383351,2.928987753572687,4.0028531385244825,273,122,30,True,0.95,percentile,500
roi,0.6900000000000001,60.09,0.7642868664855441,0.710241206192433,0.11168419709169712,0.4835816801259481,0.9191828612071156,0.8742350178787991,0.8400924739382928,0.06704350145127436,0.6953931684459354,0.9587287890142743,3.65336833535638,3.510688979840044,0.28017020627680017,2.9060004807262656,4.0064620249115945,273,119,30,True,0.95,percentile,500
roi,0.7000000000000001,60.7,0.7580857331697676,0.704987271265426,0.11243154009774788,0.47633103627508117,0.9129020161867367,0.8706811891672908,0.8368995536534655,0.06779085158909076,0.690166075368019,0.9554574194516978,3.638517128280041,3.4973459843899093,0.28329333137827173,2.884156816326783,3.9927911952962765,273,116,30,True,0.95,percentile,500
roi,0.71,61.309999999999995,0.7509522597308949,0.6987592694158494,0.11304085504901043,0.46971172409430945,0.9048259236229532,0.8665750167936385,0.8331115775015462,0.06851099445678954,0.6853551774306883,0.95122286870377,3.621357714824132,3.481516291177568,0.28630275915910697,2.8640524029488783,3.975095297396332,273,111,30,True,0.95,percentile,500
roi,0.72,61.92,0.7455665957666371,0.6938656327211972,0.1134935966177021,0.46673367256091913,0.9005935774332416,0.863461982814899,0.8301233768727486,0.06906773918244948,0.6831770919619263,0.9489955335000565,3.6083485587823043,3.469028805165592,0.28862935728204403,2.8549503327726207,3.96578741594677,273,108,30,True,0.95,percentile,500
roi,0.73,62.53,0.7425829160184448,0.6904803555649589,0.11409891603112832,0.46333101247792646,0.8966776518756597,0.8617325083913481,0.8280335711890779,0.06964525448128915,0.6806781645274972,0.9469306478632079,3.601121203475558,3.4602956501722186,0.29104275420943326,2.844507485969883,3.9571584001243445,273,103,30,True,0.95,percentile,500
roi,0.74,63.14,0.7387615393273173,0.6863208222104713,0.11463219130308165,0.4563726355299271,0.8961990897339976,0.8595123846270729,0.825469482533218,0.07021977820611343,0.6755492618315871,0.9466776477740438,3.5918434581380914,3.4495804990826473,0.29344364955365865,2.823074152459832,3.956101130058868,273,102,30,True,0.95,percentile,500
roi,0.75,63.75,0.733461787971147,0.6807459923836506,0.11491769213522088,0.449253075416915,0.892442145651257,0.8564238366434852,0.8220424249258738,0.07072657564624944,0.6702621412602306,0.9446899701080047,3.578936627394974,3.4352590597784975,0.29556152138716746,2.8009796372716025,3.9477947610648396,273,96,30,True,0.95,percentile,500
roi,0.76,64.36,0.7267969748763793,0.6738615279690562,0.11496627929010841,0.4424182903698293,0.8844367861439109,0.8525238852233873,0.8178060883943115,0.07116782610983526,0.6651451274670118,0.9404420812914175,3.5626389971968786,3.417555699210906,0.2974054768895873,2.7795959866726063,3.9300431242883938,273,89,30,True,0.95,percentile,500
roi,0.77,64.97,0.7209508466403739,0.6675464364837218,0.11457065109529332,0.4361896776740909,0.8772596206010951,0.8490882443187951,0.8139251246118969,0.0712916053629101,0.6604464895878271,0.9366205632393403,3.5482816888806927,3.40133741705179,0.2979227419207398,2.7599607003982474,3.914073261769815,273,88,30,True,0.95,percentile,500
roi,0.78,65.58,0.7144790042561282,0.6605560198835856,0.11417984447570247,0.42501738791725496,0.8694337011750879,0.8452685988821117,0.8096040313107215,0.07146710756662666,0.6519333883350851,0.9324341429893441,3.532319651893743,3.383279863741996,0.29865615362437886,2.7243850326242502,3.896578497928233,273,85,30,True,0.95,percentile,500
roi,0.79,66.19,0.7063968993529871,0.6519546153290378,0.11392820754879569,0.4136385828927161,0.8536866345565842,0.8404742109981644,0.8042413408319391,0.07183872654178396,0.6431470524418652,0.9239516155055686,3.512284232899514,3.3608695470801937,0.30020912389998206,2.6876675359790347,3.8611305958432673,273,84,30,True,0.95,percentile,500
roi,0.8,66.80000000000001,0.6983323432681907,0.6431099111119386,0.11364221169507023,0.41135070932047313,0.845570986822658,0.8356628167318387,0.798691320359059,0.07219772099503209,0.6413661742395996,0.9195493352015442,3.492177745396692,3.33767639118786,0.30170933716214077,2.6802253677974517,3.84273376760238,273,80,30,True,0.95,percentile,500
roi,0.81,67.41,0.6882729654092399,0.6321336782576861,0.11320862615099929,0.397797284326399,0.8405151535416826,0.8296221823271361,0.7917529911499677,0.07260455982223588,0.6307112281064124,0.9167957253516683,3.4669343474450165,3.3086815880578317,0.3034094887901391,2.6356990767866395,3.8312266204077146,273,76,30,True,0.95,percentile,500
roi,0.8200000000000001,68.02000000000001,0.6775087948206943,0.6204862805584574,0.11317927522989628,0.3851024799294617,0.8291155977224055,0.8231092241134795,0.7842958584664199,0.07332830990105524,0.6205556731863547,0.9105578266131642,3.4397171406062816,3.2775187406981745,0.30643399085948647,2.5932597074933184,3.805158868299471,273,76,30,True,0.95,percentile,500
roi,0.8300000000000001,68.63,0.6646433203871258,0.606596773966157,0.11395577935807487,0.37589395136580744,0.8212854849094754,0.8152565978801557,0.7752550044427758,0.07475043349173519,0.6131010730183151,0.906247522458881,3.406901552756892,3.239737630196902,0.3123769480608116,2.5621074433427258,3.7871464020964796,273,73,30,True,0.95,percentile,500
roi,0.84,69.24,0.6490120302245246,0.589694709452817,0.11603147610078446,0.35174232963328933,0.8109070231240477,0.8056128289845715,0.7640218615695601,0.07731273513872097,0.5930768231722561,0.9005032175775733,3.366600902249769,3.1927950945625883,0.32308463136254273,2.4784274730478284,3.7631413449518667,273,73,30,True,0.95,percentile,500
roi,0.85,69.85,0.6409688551527002,0.579844153795158,0.11929863513802931,0.3364635281705251,0.8053273835238565,0.8006053054737398,0.757249626990163,0.08018738211787856,0.5800547565124532,0.8973999364446745,3.345674804050896,3.1644943895279094,0.335097584440611,2.4240091472854313,3.750172945385638,268,66,30,True,0.95,percentile,500
roi,0.86,70.46000000000001,0.6368508562457458,0.5740660763458528,0.1240978122302678,0.3313548548062228,0.8091216662726489,0.798029358009933,0.7530227345239813,0.08388630078144908,0.5756287688168373,0.8995118425791796,3.3349100958141484,3.1468304950634973,0.3505551125013558,2.4055132474768492,3.7589984566512085,266,59,30,True,0.95,percentile,500
roi,0.87,71.07,0.6391813429173199,0.5753188317856013,0.1294031968478805,0.32887136408557155,0.827485913687537,0.7994881755956869,0.7534588698356702,0.08737179701357706,0.5734700323279702,0.9096625119540733,3.3410063947107376,3.1486530746960555,0.3651207628208282,2.396492035363954,3.801417409585498,259,56,30,True,0.95,percentile,500
roi,0.88,71.68,0.6394728369682973,0.5746810034556171,0.1346058236095315,0.32525038030726017,0.8365889959185209,0.7996704552303388,0.7526123994067536,0.09095121748911071,0.5703066325293739,0.9146492666509785,3.341768128834627,3.145115732678662,0.38007891612835665,2.3832724040063518,3.8222567163317174,255,52,30,True,0.95,percentile,500
roi,0.89,72.28999999999999,0.6403023426941017,0.574283329327265,0.14001299054164398,0.32132807629817606,0.8494252397762263,0.8001889418719192,0.7518950663420775,0.09463111874524864,0.5668580735535196,0.9216404977578715,3.3439348490413416,3.1421180468724463,0.3954569717443767,2.368861111954056,3.8514725928737645,250,50,30,True,0.95,percentile,500
roi,0.9,72.9,0.64041872613101,0.5733421632176172,0.1445082994469172,0.314664412049733,0.8590156438506956,0.8002616610403187,0.7508811154710074,0.0976667355300241,0.5609436884097309,0.9268306922252071,3.344238737471536,3.1378808155442366,0.4081426066285567,2.344145301027325,3.8731620605037773,243,45,30,True,0.95,percentile,500
roi,0.91,73.51,0.6397267984863753,0.5714440227546362,0.14953906241439366,0.30522590819123363,0.8666767753505678,0.7998292308276657,0.7491600321693054,0.1011123948262337,0.5524577037548456,0.9309545538241629,3.3424316411943917,3.1306885261616797,0.42254178111797724,2.308682951660789,3.890395396022152,238,44,30,True,0.95,percentile,500
roi,0.92,74.12,0.6394995162227933,0.5698346344094056,0.15535615189153335,0.2964259614219794,0.8719244978799513,0.799687136462,0.7475433776735356,0.10505048364513096,0.544449883229909,0.9337686977325129,3.3418378385606156,3.1239326376153853,0.43899878489676536,2.2752188174832257,3.9021555109061876,231,43,30,True,0.95,percentile,500
roi,0.93,74.73,0.6391837562079842,0.5679454738830018,0.16233635566731375,0.2845677147268024,0.8800260317812755,0.7994896848665305,0.745597791750926,0.10978849596764269,0.5334485728211473,0.938094340908408,3.3410127018503473,3.1158021671377516,0.4587986142762749,2.2292450938587525,3.920232077831189,227,40,30,True,0.95,percentile,500
roi,0.9400000000000001,75.34,0.6387493832388672,0.5656848491431123,0.16998188283342247,0.28279159603954196,0.8899653883749713,0.7992179823044945,0.7432898726267314,0.11502815893661357,0.5317815294014355,0.9433794537487926,3.3398772754301316,3.1061575309970557,0.48069480739059767,2.222278633446292,3.9423182028490307,223,35,30,True,0.95,percentile,500
roi,0.9500000000000001,75.95,0.632654316299015,0.5581849519562192,0.1772095190618884,0.26545248328942694,0.8955205012754563,0.7953956979384632,0.7373365217090325,0.12061883566540886,0.5152152169350268,0.9463165560229266,3.32390421053796,3.0812788847667107,0.5040578629952018,2.153049146911599,3.9545921523323857,220,35,30,True,0.95,percentile,500
roi,0.96,76.56,0.6329374076515771,0.5558450717424894,0.185712793060237,0.25521439730785783,0.9101990947952572,0.7955736343366195,0.7347317828001013,0.12667427453722938,0.5051795613359927,0.9540396847291036,3.3246477945736457,3.070393859050343,0.5293631278022245,2.1111108286788056,3.9868665788744493,218,31,30,True,0.95,percentile,500
roi,0.97,77.17,0.6453496000476957,0.5646412649128301,0.19456323595727293,0.25431015407657204,0.9397188385499472,0.8033365422086162,0.7398165827259655,0.13170946664424743,0.5042833938918715,0.9693842568709972,3.35708845552847,3.091642890101339,0.5504048511718167,2.1073658062345277,4.050990496169372,214,30,30,True,0.95,percentile,500
roi,0.98,77.78,0.6627278570803924,0.5780817335669917,0.20468638924018928,0.25366925323710615,0.9802319275575941,0.8140809892635943,0.7479051177590001,0.1369568646049257,0.503655262712519,0.9900659827770123,3.4019887647688996,3.1254443246867543,0.572333368287352,2.104740889004989,4.137418013942437,211,28,30,False,0.95,percentile,500
roi,0.99,78.39,0.6840621197762413,0.5955638487756459,0.21608771725300333,0.25332185580538885,1.0306034066362333,0.8270804796247105,0.7585106155255424,0.14235879658327305,0.5033107818650856,1.015186351010553,3.456312745723477,3.1697639743560035,0.5949076724914182,2.1033013271086882,4.242394314365161,207,24,30,False,0.95,percentile,500
roi,1.0,79.0,0.7026094874852996,0.6115447588951961,0.22688457179367677,0.2520060030625723,1.082725889957085,0.8382180429251684,0.768025425971857,0.1473945530352868,0.5019992278677629,1.0405374760021864,3.5028558608616094,3.2095257163253725,0.6159517542201419,2.0978204326741974,4.348334931494427,204,24,30,False,0.95,percentile,500
