n_subject,coef_type,rep,seed,success,error_message,elapsed_seconds,covariance_mode,signal_bandwidth_input,signal_bandwidth_method,best_signal_bandwidth,variance_bandwidth_input,variance_bandwidth_method,best_variance_bandwidth,sigma2_true,sigma2_function,rho_true,rho_error,miae_iid,rmise_iid,beta_mae_iid,beta_rmse_iid,miae_final,rmise_final,beta_mae_final,beta_rmse_final,sigma2_miae,sigma2_rmise,rho_abs_error,Sigma_fro_error
1000,base1,2,141,1,,1055.5226625851355,exchangeable_varying_sigma,0.18,fixed,0.18,0.18,fixed,0.18,1.0,sin2,0.6,-0.13963428371624426,0.045777082432585894,0.06379777608453392,0.014470325740362083,0.017365241898329446,0.04033983156468761,0.05845909266016484,0.014770838059024266,0.01767723767594742,0.18473471606150696,0.19097118675794034,0.13963428371624426,
1000,base1,2,141,1,,1147.6897210211027,exchangeable_varying_sigma,0.18,fixed,0.18,0.18,fixed,0.18,1.0,sin2,0.0,-0.06195791768754059,0.04376836232046458,0.058900804906948136,0.01411521097393735,0.015032248258547164,0.04376270703510078,0.05922534015906966,0.012781815349980977,0.01376281650878292,0.19669662674637906,0.19821673442951587,0.06195791768754059,
1000,base1,0,139,1,,1177.9554238899145,exchangeable_varying_sigma,0.18,fixed,0.18,0.18,fixed,0.18,1.0,sin2,0.3,-0.049068373448292235,0.04361450492816749,0.05737953596936948,0.019173512900003853,0.02214180031782618,0.04209803513829743,0.05605640182893425,0.015415550967728758,0.017620367190973596,0.18448481034544073,0.19015937974310765,0.049068373448292235,
1000,base1,0,139,1,,1217.0787871880457,exchangeable_varying_sigma,0.18,fixed,0.18,0.18,fixed,0.18,1.0,sin2,0.6,-0.12331505426693756,0.044165877548760585,0.057752418506592566,0.020339233722124095,0.023621786425177062,0.03879704394954892,0.051715446306546356,0.016258512742512554,0.01875633717597786,0.17782256425751247,0.18301019497683724,0.12331505426693756,
1000,base1,3,142,1,,1224.0497095440514,exchangeable_varying_sigma,0.18,fixed,0.18,0.18,fixed,0.18,1.0,sin2,0.6,-0.16088126389098772,0.0414554564032683,0.05351389383245115,0.01625581012870217,0.020566888284912727,0.038116418383387494,0.050307469339761275,0.0180020567470755,0.01982061857497362,0.20802548240061264,0.21058504933848443,0.16088126389098772,
1000,base1,3,142,1,,1233.9781178089324,exchangeable_varying_sigma,0.18,fixed,0.18,0.18,fixed,0.18,1.0,sin2,0.3,-0.09434661301170766,0.042028168604582805,0.05446288046040057,0.01415183254449165,0.017136920943125862,0.04161873412248615,0.0544500341143138,0.017202484486938757,0.017995138718984685,0.20392729512381733,0.20661894750483098,0.09434661301170766,
1000,base1,2,141,1,,1256.586533854017,exchangeable_varying_sigma,0.18,fixed,0.18,0.18,fixed,0.18,1.0,sin2,0.3,-0.05418305806485507,0.04521388368650885,0.06334146288235756,0.014110045808890442,0.015629015124826506,0.043893099584832555,0.06244145743179548,0.01493396666088076,0.018145512960759967,0.19181568614838038,0.1973263824762261,0.05418305806485507,
1000,base1,1,140,1,,1312.4952685709577,exchangeable_varying_sigma,0.18,fixed,0.18,0.18,fixed,0.18,1.0,sin2,0.3,-0.07722565271594012,0.03929382782387429,0.05246598082223014,0.02325643479878234,0.02710988046719645,0.03879619312623528,0.05178371203565519,0.017019550542472256,0.02439011650106542,0.19143318567415918,0.19428857857174547,0.07722565271594012,
1000,base1,1,140,1,,1324.9605459738523,exchangeable_varying_sigma,0.18,fixed,0.18,0.18,fixed,0.18,1.0,sin2,0.0,0.04978779771461556,0.043416777849114525,0.05610972879612085,0.003568877829643907,0.003924442122783576,0.043565790785252655,0.056330497407899985,0.00635608393257156,0.007308702037758835,0.22184160304412665,0.22641322811343076,0.04978779771461556,
1000,base1,1,140,1,,1352.3860087490175,exchangeable_varying_sigma,0.18,fixed,0.18,0.18,fixed,0.18,1.0,sin2,0.6,-0.14534368390979008,0.03910293481483178,0.05229508578374972,0.024451950129129818,0.028094234479415794,0.03553989175028802,0.047351845993404605,0.01748146095100589,0.024715958086489513,0.1961725093219379,0.19848909847846802,0.14534368390979008,
1000,base1,3,142,1,,1379.0505733841565,exchangeable_varying_sigma,0.18,fixed,0.18,0.18,fixed,0.18,1.0,sin2,0.0,-0.02077934045446019,0.04317159306002896,0.05714171974088534,0.034467010400915724,0.04441373591375236,0.04332504392329283,0.057436608114199074,0.031744687155940116,0.04295489343378528,0.1894558959726143,0.19366609615086025,0.02077934045446019,
1000,base1,0,139,1,,1421.010400674073,exchangeable_varying_sigma,0.18,fixed,0.18,0.18,fixed,0.18,1.0,sin2,0.0,0.001193589389438117,0.04177502585746174,0.055849622787099484,0.02264642438918417,0.02420373250040389,0.041968142721097126,0.05651881291859965,0.01972784811600535,0.02079426187006979,0.21155319343728624,0.2163182428132822,0.001193589389438117,
1000,base1,0,139,1,,1244.1031574278604,exchangeable_varying_sigma,0.18,fixed,0.18,0.18,fixed,0.18,1.0,sin2,0.9,-0.20507531286292247,0.04444058126422513,0.0579855891219661,0.021311085214293618,0.024607721253979312,0.031010241394000458,0.04166218961558555,0.017152873362715676,0.019570895658994916,0.16961671347682336,0.17494478368646288,0.20507531286292247,
1000,base1,1,140,1,,1233.4459702780005,exchangeable_varying_sigma,0.18,fixed,0.18,0.18,fixed,0.18,1.0,sin2,0.9,-0.20821372719128783,0.039395254352305224,0.05248734788254654,0.024931182333909313,0.028125335813685662,0.02793027657233753,0.03719548992029197,0.017317992498855267,0.023581081314292013,0.2029095005637905,0.2050252453340249,0.20821372719128783,
1000,base1,2,141,1,,1248.1186017009895,exchangeable_varying_sigma,0.18,fixed,0.18,0.18,fixed,0.18,1.0,sin2,0.9,-0.22898316502568716,0.04640666242400185,0.06393124499812262,0.016549238714595543,0.019597721364990127,0.032705826883838114,0.048815276734263,0.014743419808631725,0.01619543475390064,0.17830427792341116,0.1847701582800562,0.22898316502568716,
1000,base1,3,142,1,,1228.0753749608994,exchangeable_varying_sigma,0.18,fixed,0.18,0.18,fixed,0.18,1.0,sin2,0.9,-0.22788292200018678,0.040704052337727614,0.052539621887657685,0.018466547603871758,0.024893452766818893,0.03028575724030046,0.04032058654990446,0.020561514841051343,0.02319245982913742,0.21028138412624128,0.2131718631048006,0.22788292200018678,
1000,base2,1,140,1,,1223.1980666499585,exchangeable_varying_sigma,0.18,fixed,0.18,0.18,fixed,0.18,1.0,sin2,0.0,0.04309784221983132,0.04415534023299776,0.05736439677086595,0.005134779307375256,0.006382728406712207,0.0442768989796314,0.05754518448196849,0.006381205826911179,0.007298646709659946,0.21861013147664624,0.2230199147522038,0.04309784221983132,
1000,base2,3,142,1,,1140.1144977528602,exchangeable_varying_sigma,0.18,fixed,0.18,0.18,fixed,0.18,1.0,sin2,0.3,-0.08246546582587269,0.03981309706577653,0.05209996165220066,0.012204584446932856,0.016973768680926937,0.03934285388032642,0.05209698214206568,0.01457915886833483,0.017005410999830255,0.20613435817994938,0.20774680043280516,0.08246546582587269,
1000,base2,0,139,1,,1242.6698899432085,exchangeable_varying_sigma,0.18,fixed,0.18,0.18,fixed,0.18,1.0,sin2,0.3,-0.03075223104236563,0.04155523726623178,0.05559215469014658,0.01631787047994529,0.0194284692702243,0.04049463611557166,0.05452139937548617,0.012404249943101825,0.015307583792301453,0.1786251594129121,0.18595150558125492,0.03075223104236563,
1000,base2,1,140,1,,1244.5837609090377,exchangeable_varying_sigma,0.18,fixed,0.18,0.18,fixed,0.18,1.0,sin2,0.3,-0.09172569367905753,0.040268154462102794,0.05371495526254545,0.022947147815475494,0.027028235826016433,0.03953339069354035,0.05295839867487165,0.018118027163085262,0.024860122925402958,0.19373052948153796,0.1964839432234423,0.09172569367905753,
1000,base2,2,141,1,,1222.3658903478645,exchangeable_varying_sigma,0.18,fixed,0.18,0.18,fixed,0.18,1.0,sin2,0.3,-0.030547186347737565,0.04452818296402485,0.06247141922778344,0.016275637586080027,0.01834119666319961,0.04349430342710093,0.061808838200109406,0.0176343490084091,0.020812955604946178,0.19201070683712712,0.19592431984313854,0.030547186347737565,
1000,base2,0,139,1,,1384.8133764390368,exchangeable_varying_sigma,0.18,fixed,0.18,0.18,fixed,0.18,1.0,sin2,0.0,-0.012637082345768354,0.04390551448219553,0.05808622402892142,0.027256852995997477,0.027867728894499254,0.04424143280620477,0.05889695902214449,0.022844505901921136,0.023664329405785132,0.21071073745067628,0.21505081940835488,0.012637082345768354,
1000,base2,2,141,1,,1462.967153471196,exchangeable_varying_sigma,0.18,fixed,0.18,0.18,fixed,0.18,1.0,sin2,0.0,-0.07535708219248143,0.04515868834362344,0.06050603937686743,0.011692074156209126,0.014057091552001022,0.045386568613412365,0.06090277889839417,0.010192447091554951,0.011018954859512414,0.19929293042138824,0.20023452462068106,0.07535708219248143,
1000,base2,3,142,1,,1413.4642021029722,exchangeable_varying_sigma,0.18,fixed,0.18,0.18,fixed,0.18,1.0,sin2,0.0,-0.04406445212897569,0.043430299569662656,0.056867292064370946,0.03377861431745928,0.04358328261139828,0.04367108104848125,0.05724747310383945,0.02980109302305381,0.04090018743251215,0.1942617355181572,0.19764186354137042,0.04406445212897569,
1000,base2,0,139,1,,1304.2087310950737,exchangeable_varying_sigma,0.18,fixed,0.18,0.18,fixed,0.18,1.0,sin2,0.6,-0.10339526091303353,0.041885185769662485,0.055739813239600235,0.01748359130206617,0.020813962677796467,0.03716833573056062,0.05006555506782361,0.013450072366024857,0.016545105199207245,0.17201674279043885,0.179645744763758,0.10339526091303353,
1000,base2,1,140,1,,1248.46876710793,exchangeable_varying_sigma,0.18,fixed,0.18,0.18,fixed,0.18,1.0,sin2,0.6,-0.15984095884120186,0.04022035284625802,0.0533852992542558,0.024142663145822918,0.028058357337209364,0.035977312873115896,0.048344738939770204,0.018093820213786346,0.025102180443548647,0.19914814093146843,0.2013778506207937,0.15984095884120186,
1000,base2,0,139,1,,1206.9379938489292,exchangeable_varying_sigma,0.18,fixed,0.18,0.18,fixed,0.18,1.0,sin2,0.9,-0.1827359372434112,0.04198574493818087,0.05573371640316218,0.018155624320808722,0.021679232042569628,0.02913366342755029,0.039627220900933596,0.014578169825488957,0.01745782658229047,0.16419146352331487,0.17266063142435678,0.1827359372434112,
1000,base2,2,141,1,,1314.3515984809492,exchangeable_varying_sigma,0.18,fixed,0.18,0.18,fixed,0.18,1.0,sin2,0.6,-0.1156486653702371,0.04485796057623329,0.06281191754888422,0.01835133713266418,0.020313137347774592,0.040162920334732746,0.05795200998357591,0.01869642348563369,0.02074737241328595,0.1845609091684774,0.18915808016586352,0.1156486653702371,
1000,base2,3,142,1,,1341.543180756038,exchangeable_varying_sigma,0.18,fixed,0.18,0.18,fixed,0.18,1.0,sin2,0.6,-0.14501986726720673,0.039372614358674285,0.051216009310820314,0.013357480205989786,0.020731617856597825,0.03590218623814339,0.04810619918074962,0.017076950647398476,0.019210167945036875,0.20991522061539244,0.2116536260747379,0.14501986726720673,
1000,base3,1,140,1,,1238.7435128989164,exchangeable_varying_sigma,0.18,fixed,0.18,0.18,fixed,0.18,1.0,sin2,0.0,0.05340423191364568,0.05736480261362707,0.07250016143939181,0.00508684371131593,0.006699741672449798,0.05853408169339405,0.07380719360758035,0.009597847297462797,0.010445701126857143,0.09811661953602194,0.12506817742093068,0.05340423191364568,
1000,base2,1,140,1,,1304.6715137551073,exchangeable_varying_sigma,0.18,fixed,0.18,0.18,fixed,0.18,1.0,sin2,0.9,-0.221715074819413,0.040531887909706445,0.05328186952154712,0.024621895350602913,0.028154292139857203,0.028058216643935603,0.03809528141030588,0.017216189249401548,0.02390798696687235,0.20671644601481848,0.2087250888933379,0.221715074819413,
1000,base2,3,142,1,,1288.2676645610482,exchangeable_varying_sigma,0.18,fixed,0.18,0.18,fixed,0.18,1.0,sin2,0.9,-0.20781476961157386,0.038930797516543186,0.05045303191144238,0.01821975968833403,0.025354895369248225,0.028070257739892756,0.038363876461116754,0.021786258362181343,0.023282393677765884,0.21170024560166661,0.213897667491814,0.20781476961157386,
1000,base2,2,141,1,,1327.4573692849372,exchangeable_varying_sigma,0.18,fixed,0.18,0.18,fixed,0.18,1.0,sin2,0.9,-0.20592928645355302,0.04533390891056331,0.06281646869877781,0.020488176839139977,0.022724786247978877,0.032342463958176505,0.048259606995430936,0.019280751817622677,0.019878708866560162,0.17762848842011983,0.18259644038676967,0.20592928645355302,
1000,base3,0,139,1,,1346.671539713163,exchangeable_varying_sigma,0.18,fixed,0.18,0.18,fixed,0.18,1.0,sin2,0.0,0.015830145494149357,0.05837507005082863,0.07337937772259778,0.023362093859427044,0.02625693850815146,0.05969925210770547,0.07516588833017877,0.021388835557909644,0.02283180095807334,0.09633579212505841,0.12072950392826688,0.015830145494149357,
1000,base3,3,142,1,,1275.6568480748683,exchangeable_varying_sigma,0.18,fixed,0.18,0.18,fixed,0.18,1.0,sin2,0.0,-0.012757177677981102,0.05763162542108562,0.07268927847958008,0.02632248005193033,0.032498468729069044,0.05860493369536463,0.07390304551224806,0.0252943953528859,0.03370505821838632,0.07336892787022042,0.0862393321095114,0.012757177677981102,
1000,base3,2,141,1,,1380.1847728439607,exchangeable_varying_sigma,0.18,fixed,0.18,0.18,fixed,0.18,1.0,sin2,0.0,-0.024999876612982825,0.06175197962442238,0.07798908962395024,0.021442131521954497,0.02326284340387444,0.06339023562118172,0.07994066149186932,0.019343151032603423,0.02176961085176365,0.08246127760613277,0.09887190515164015,0.024999876612982825,
1000,base3,2,141,1,,1162.957287543919,exchangeable_varying_sigma,0.18,fixed,0.18,0.18,fixed,0.18,1.0,sin2,0.3,-0.09831139690225421,0.060598418200734416,0.07830177000555763,0.008516595866698368,0.010457112087282809,0.060821979987545446,0.07904702210058984,0.008423675976157646,0.014637247227057521,0.06926301108831749,0.08497041922883397,0.09831139690225421,
1000,base3,0,139,1,,1249.2436146640684,exchangeable_varying_sigma,0.18,fixed,0.18,0.18,fixed,0.18,1.0,sin2,0.3,-0.12089650263009094,0.06037464711232426,0.07639829389084593,0.02558647300311087,0.03020777967350144,0.06107863571006386,0.07681950301893169,0.020995605115899874,0.02600670338328784,0.08875615918311731,0.11019589462552383,0.12089650263009094,
1000,base3,1,140,1,,1233.9632732549217,exchangeable_varying_sigma,0.18,fixed,0.18,0.18,fixed,0.18,1.0,sin2,0.3,-0.10079370498312604,0.05625925894323674,0.07097781637369155,0.02668826503882915,0.032974333340086356,0.05711415796558618,0.0720958653490647,0.018982816350830184,0.02914225897781008,0.0784730499914777,0.09710048424010927,0.10079370498312604,
1000,base3,0,139,1,,1125.624523421051,exchangeable_varying_sigma,0.18,fixed,0.18,0.18,fixed,0.18,1.0,sin2,0.6,-0.2399825867688264,0.06067298040015755,0.07687907101762229,0.026752193825231863,0.031632512728891386,0.05929231514154268,0.07443322642371722,0.022058137723409754,0.027260183682306843,0.08568251133616388,0.10490793086810331,0.2399825867688264,
1000,base3,0,139,1,,1163.6225677700713,exchangeable_varying_sigma,0.18,fixed,0.18,0.18,fixed,0.18,1.0,sin2,0.9,-0.3652215482355863,0.06091915665882617,0.07726128107802732,0.027424226843973193,0.03253954736843223,0.05536178332637335,0.06957329680259662,0.02331698309293989,0.02786847984872434,0.08303934088317402,0.10050048824746499,0.3652215482355863,
1000,base3,2,141,1,,1229.143755177036,exchangeable_varying_sigma,0.18,fixed,0.18,0.18,fixed,0.18,1.0,sin2,0.6,-0.22681850552864036,0.06090700568780148,0.07850230723345708,0.008876875798170453,0.010634756099518361,0.05877843243817008,0.07657456946803214,0.008949142615996691,0.013890219280291135,0.06709327538445824,0.08181017695190072,0.22681850552864036,
1000,base3,3,142,1,,1434.541913265828,exchangeable_varying_sigma,0.18,fixed,0.18,0.18,fixed,0.18,1.0,sin2,0.3,-0.15085071175204012,0.05725580318370903,0.0720464625986549,0.017703643334942953,0.027413327164399523,0.05785219408850261,0.0728644917508215,0.02157971989561619,0.026037878639520503,0.08498417015384521,0.10078221918028613,0.15085071175204012,
1000,base3,1,140,1,,1242.5055239880458,exchangeable_varying_sigma,0.18,fixed,0.18,0.18,fixed,0.18,1.0,sin2,0.9,-0.33385497065490066,0.056056859229492696,0.07094792956780724,0.028363012573956292,0.03382972248278186,0.05157011220873282,0.06514745287103142,0.020313969612396315,0.028709827534986285,0.07863773119058617,0.09826269551183826,0.33385497065490066,
1000,base3,1,140,1,,1401.8976377251092,exchangeable_varying_sigma,0.18,fixed,0.18,0.18,fixed,0.18,1.0,sin2,0.6,-0.21781529491917256,0.05606803869464561,0.07083084601624752,0.0278837803691786,0.03388555566345612,0.055280987679794696,0.06976731999736557,0.019920259922010075,0.02963970235879551,0.07754269797335217,0.09653782038262862,0.21781529491917256,
1000,base3,3,142,1,,1376.1223555258475,exchangeable_varying_sigma,0.18,fixed,0.18,0.18,fixed,0.18,1.0,sin2,0.6,-0.2598530959749181,0.05699307919052626,0.07158686231552241,0.019807620919153,0.03133262502895334,0.0557514369378574,0.0703759907391641,0.02289432067520869,0.02918923442304362,0.08895120393800073,0.10646716539894495,0.2598530959749181,
1000,base3,3,142,1,,1215.3504454409704,exchangeable_varying_sigma,0.18,fixed,0.18,0.18,fixed,0.18,1.0,sin2,0.9,-0.3672413845024176,0.05686745416949919,0.07120510535731524,0.024097865751604747,0.03599870318830885,0.05168026397057061,0.06541202618470028,0.027950677808621982,0.03427219212999759,0.09276291827366058,0.11226816700748865,0.3672413845024176,
1000,base3,2,141,1,,1353.8244218141772,exchangeable_varying_sigma,0.18,fixed,0.18,0.18,fixed,0.18,1.0,sin2,0.9,-0.3561440412776119,0.06124776761187389,0.07844271619048902,0.010351857885605054,0.011621176151774257,0.054963053815165606,0.07143877963935191,0.009815089582924097,0.012321357950329456,0.06452219003865414,0.07821368941725995,0.3561440412776119,
1000,base4,0,139,1,,1180.6450505959801,exchangeable_varying_sigma,0.18,fixed,0.18,0.18,fixed,0.18,1.0,sin2,0.0,0.000505616800469481,0.039915462502175675,0.054248209679639996,0.024403208295616652,0.02549523179981434,0.04005842065987387,0.054832560164599996,0.02133366758286033,0.022008159055231437,0.22606372088367271,0.23057399577136517,0.000505616800469481,
1000,base4,1,140,1,,1191.9300190289505,exchangeable_varying_sigma,0.18,fixed,0.18,0.18,fixed,0.18,1.0,sin2,0.0,0.05112361814825174,0.041480573435904736,0.054032187080772294,0.002990762225791546,0.0037768198651358447,0.04151229879573973,0.054166765056428576,0.0063735185175884945,0.00737574619498781,0.2357551598481312,0.24085502362867667,0.05112361814825174,
1000,base4,2,141,1,,1213.5291017179843,exchangeable_varying_sigma,0.18,fixed,0.18,0.18,fixed,0.18,1.0,sin2,0.0,-0.06684034194835539,0.042855754461341565,0.057789797509924794,0.014732497197335007,0.01590895041782119,0.042885647729174615,0.05805448153258643,0.013389771078069546,0.01452641775015894,0.21310398948229248,0.21492245907062638,0.06684034194835539,
1000,base4,3,142,1,,1305.1763742789626,exchangeable_varying_sigma,0.18,fixed,0.18,0.18,fixed,0.18,1.0,sin2,0.0,-0.028263729928731534,0.04057317660795434,0.05455077802312858,0.032597165701908695,0.04166440219035742,0.04059245151933082,0.05476050900143775,0.02979840202506641,0.03991239840786836,0.20414194980343756,0.20800604515670593,0.028263729928731534,
1000,base4,1,140,1,,1199.1674021349754,exchangeable_varying_sigma,0.18,fixed,0.18,0.18,fixed,0.18,1.0,sin2,0.3,-0.07267369649562594,0.03740211725108579,0.05055571528757796,0.02383455040263327,0.028070777843926153,0.03686534111233261,0.049762943230265776,0.017458299582459896,0.025352478434967716,0.20563954663293973,0.20890294867963533,0.07267369649562594,
1000,base4,0,139,1,,1254.3577584410086,exchangeable_varying_sigma,0.18,fixed,0.18,0.18,fixed,0.18,1.0,sin2,0.3,-0.040624539414339134,0.04106308219546667,0.054881898080471454,0.019456630073604347,0.022625652524127418,0.03935121199665265,0.05340704398717385,0.015289192408323632,0.01838616967704132,0.20010584767503795,0.2062681980529298,0.040624539414339134,
1000,base4,2,141,1,,1245.1765252021141,exchangeable_varying_sigma,0.18,fixed,0.18,0.18,fixed,0.18,1.0,sin2,0.3,-0.04130817980883744,0.04241317579939472,0.060649030130172116,0.01329185205357808,0.014951457533251776,0.04108239485901524,0.05969256301533914,0.01393450191074308,0.017870839824955985,0.20689973097387057,0.21268994631689325,0.04130817980883744,
1000,base4,3,142,1,,1295.0829281890765,exchangeable_varying_sigma,0.18,fixed,0.18,0.18,fixed,0.18,1.0,sin2,0.3,-0.08779224458698667,0.03901829940627168,0.05138894653854511,0.013751574430295871,0.01885457442935247,0.038437483841505256,0.05117627002284581,0.016804281140853167,0.018640566082632284,0.22135534594652034,0.22380298749716693,0.08779224458698667,
1000,base4,2,141,1,,1194.8077496760525,exchangeable_varying_sigma,0.18,fixed,0.18,0.18,fixed,0.18,1.0,sin2,0.6,-0.12040526233377347,0.04277447138043711,0.061037949881462904,0.014551551185912032,0.01663587540914536,0.03718754171075725,0.055418205172607586,0.014844801558010268,0.017545207396065545,0.19987901011355466,0.20631700207515838,0.12040526233377347,
1000,base4,0,139,1,,1264.4122665149625,exchangeable_varying_sigma,0.18,fixed,0.18,0.18,fixed,0.18,1.0,sin2,0.6,-0.10845107044247765,0.04166246892204968,0.05524340404910686,0.020622350895725006,0.02407351376556219,0.035767072630694785,0.048714604353229586,0.01625810725493798,0.01960988946230487,0.19343766837154486,0.19929158134685052,0.10845107044247765,
1000,base4,1,140,1,,1323.0288714580238,exchangeable_varying_sigma,0.18,fixed,0.18,0.18,fixed,0.18,1.0,sin2,0.6,-0.1355265775094311,0.03717975491989629,0.05031201062880356,0.02503006573298186,0.029059725557351555,0.03315617889754968,0.04497007547832784,0.018021988773275988,0.0257538717539075,0.2103842534412471,0.21301435083615972,0.1355265775094311,
1000,base4,3,142,1,,1306.6206723880023,exchangeable_varying_sigma,0.18,fixed,0.18,0.18,fixed,0.18,1.0,sin2,0.6,-0.1448947108802091,0.038430682223791986,0.05049302895657834,0.015855552014507973,0.022568356915179725,0.03457403722212068,0.04677650916295356,0.017553933574672498,0.02078515316635951,0.22560413094234058,0.2281048994980555,0.1448947108802091,
1000,base4,1,140,1,,1397.5623455878813,exchangeable_varying_sigma,0.18,fixed,0.18,0.18,fixed,0.18,1.0,sin2,0.9,-0.19309134336796951,0.037335166635111924,0.05039665238823808,0.025509297937761494,0.029092710195860242,0.02401418136351598,0.033496550625825454,0.017979564442139856,0.024723266152413655,0.2171349892885305,0.21946780520422643,0.19309134336796951,
1000,base4,2,141,1,,1429.6961360699497,exchangeable_varying_sigma,0.18,fixed,0.18,0.18,fixed,0.18,1.0,sin2,0.9,-0.20363801384497116,0.043384097508753966,0.061087089226168526,0.016688390892387495,0.018830931788346585,0.028099931464789597,0.04476704714039326,0.015234293215093037,0.016230967627428736,0.19358457372658167,0.20015104224463037,0.20363801384497116,
1000,base4,0,139,1,,1551.7838274610694,exchangeable_varying_sigma,0.18,fixed,0.18,0.18,fixed,0.18,1.0,sin2,0.9,-0.18424570921311823,0.04187091776959067,0.05545739475615706,0.021348822735956036,0.02500884164231193,0.026707915269257643,0.037376099377189026,0.017221717858653007,0.02037552806296287,0.18519432072030542,0.19124217314565872,0.18424570921311823,
1000,base4,3,142,1,,1585.9709247660358,exchangeable_varying_sigma,0.18,fixed,0.18,0.18,fixed,0.18,1.0,sin2,0.9,-0.20174554628497565,0.03786352466299951,0.049648740772278384,0.01895535128891057,0.027115481455398223,0.025279096736893193,0.03572915022187907,0.022060577753458016,0.024656939762963962,0.22796377233059392,0.23091055953397807,0.20174554628497565,
2000,base1,1,140,1,,6773.605215847027,exchangeable_varying_sigma,0.18,fixed,0.18,0.18,fixed,0.18,1.0,sin2,0.0,-0.012277104955079046,0.029396178563527584,0.03745760152421778,0.012440666932294286,0.012981381748560032,0.029472037791012193,0.03752494255311281,0.011766909270589904,0.012968896842178869,0.0878744741494291,0.09437491460325922,0.012277104955079046,
2000,base1,0,139,1,,7147.068554796046,exchangeable_varying_sigma,0.18,fixed,0.18,0.18,fixed,0.18,1.0,sin2,0.0,-0.0073969548761722015,0.02810088151203586,0.03595966063935641,0.005223269961639687,0.006962755421558905,0.02809896269791311,0.03601515245223596,0.0064350668188156435,0.007797782744525617,0.09168966031166038,0.09687127915092435,0.0073969548761722015,
2000,base1,2,141,1,,6963.732474062126,exchangeable_varying_sigma,0.18,fixed,0.18,0.18,fixed,0.18,1.0,sin2,0.3,-0.04516498000157548,0.027706489777043694,0.03533431790367374,0.006656719216434431,0.007719414128336693,0.027064206455023637,0.034543598338017976,0.008397056317418605,0.009883986028962833,0.09301142604135829,0.1052513434069102,0.04516498000157548,
2000,base1,0,139,1,,7191.294541451847,exchangeable_varying_sigma,0.18,fixed,0.18,0.18,fixed,0.18,1.0,sin2,0.3,-0.062100286802547894,0.029359661836036447,0.03695668993500059,0.009862162748096065,0.012552512215988002,0.02865852669371106,0.03600725207524105,0.006790665495552378,0.008864457113779766,0.09448461198360762,0.09790146787071066,0.062100286802547894,
2000,base1,2,141,1,,7315.697245131945,exchangeable_varying_sigma,0.18,fixed,0.18,0.18,fixed,0.18,1.0,sin2,0.0,-0.009760640255301966,0.029437153311301544,0.03728687938091388,0.013366311735319367,0.014414966997506917,0.02958893418754065,0.03754419023644861,0.014387392297256635,0.015962221513784826,0.09385611379863898,0.10090237309381986,0.009760640255301966,
2000,base1,3,142,1,,7398.79212956503,exchangeable_varying_sigma,0.18,fixed,0.18,0.18,fixed,0.18,1.0,sin2,0.3,-0.047847797014819504,0.027587435765000792,0.03527210563458602,0.018377475751878702,0.019131883207476413,0.026971689347063493,0.03440416287223866,0.015874373085282473,0.01757460563691548,0.08996351283129653,0.10167355047662488,0.047847797014819504,
2000,base1,3,142,1,,7754.183786567999,exchangeable_varying_sigma,0.18,fixed,0.18,0.18,fixed,0.18,1.0,sin2,0.0,0.01246397366851283,0.029359746399859242,0.036958976370714436,0.012829953120375909,0.014323483211406605,0.029537752742029997,0.03722005378570926,0.01267212753497915,0.01506762870547671,0.08455964194825501,0.09253205234395595,0.01246397366851283,
2000,base1,1,140,1,,7846.365824383218,exchangeable_varying_sigma,0.18,fixed,0.18,0.18,fixed,0.18,1.0,sin2,0.3,-0.008366018262189578,0.02830137418854888,0.03632604001488186,0.011923166661311255,0.013541011751470199,0.027901195303851427,0.035855504899004284,0.009245206923975388,0.011779976714695162,0.08701888020640015,0.09347907609088837,0.008366018262189578,
2000,base1,0,139,1,,7073.011112367036,exchangeable_varying_sigma,0.18,fixed,0.18,0.18,fixed,0.18,1.0,sin2,0.6,-0.10224149409969996,0.029451218744648396,0.037228763520506865,0.010779441854509242,0.013950954496931737,0.026010230580616155,0.03274175315327776,0.007477028133065736,0.009679165197731253,0.09876802911771863,0.10464788245728529,0.10224149409969996,
2000,base1,3,142,1,,6754.140919390833,exchangeable_varying_sigma,0.18,fixed,0.18,0.18,fixed,0.18,1.0,sin2,0.6,-0.0890823531808661,0.02761942819452774,0.03532340331079952,0.020470679606142267,0.021311829380768737,0.024575724027282832,0.031173673121529546,0.01675645685859989,0.018456329263480228,0.09272206974365452,0.10571904859916306,0.0890823531808661,
2000,base1,1,140,1,,7435.327328085899,exchangeable_varying_sigma,0.18,fixed,0.18,0.18,fixed,0.18,1.0,sin2,0.6,-0.057366032667439115,0.028187228233565273,0.03608663106265315,0.012661542747538307,0.014280427619113044,0.025672025642136047,0.032658692841570684,0.009341790404155184,0.012425520043885757,0.08237092266776556,0.0882012671111046,0.057366032667439115,
2000,base1,2,141,1,,8013.214125655126,exchangeable_varying_sigma,0.18,fixed,0.18,0.18,fixed,0.18,1.0,sin2,0.6,-0.08811881495976692,0.027764150463292527,0.03542558139567432,0.007144448262800779,0.008383782900312456,0.02464580328596813,0.03135699895011904,0.008942884934875495,0.01024492649163652,0.09413327765919553,0.10713335100739733,0.08811881495976692,
2000,base1,0,139,1,,6810.44200289296,exchangeable_varying_sigma,0.18,fixed,0.18,0.18,fixed,0.18,1.0,sin2,0.9,-0.14016380136724427,0.02960421705896913,0.03752897160210991,0.011557704689281606,0.015247499661175027,0.02021332701154436,0.025021624871143847,0.008023644727172347,0.010215324833560439,0.10316171883339749,0.11272851086085316,0.14016380136724427,
2000,base1,3,142,1,,6593.021791544976,exchangeable_varying_sigma,0.18,fixed,0.18,0.18,fixed,0.18,1.0,sin2,0.9,-0.12703242214533284,0.02775781798089959,0.03548550634292365,0.022468364217356124,0.02350222285671943,0.019125826655779356,0.023702968675468707,0.017510606668372425,0.019187050520650263,0.096155697803721,0.11121526886883544,0.12703242214533284,
2000,base2,2,141,1,,6327.732014253968,exchangeable_varying_sigma,0.18,fixed,0.18,0.18,fixed,0.18,1.0,sin2,0.0,0.0031140453724377484,0.028745095619385878,0.036601091487228773,0.0115025569851792,0.01315391178145621,0.028984737149319043,0.03699013645676112,0.013068997376707692,0.015099001482925995,0.09537555054227553,0.10703834968871259,0.0031140453724377484,
2000,base1,2,141,1,,7479.27848106809,exchangeable_varying_sigma,0.18,fixed,0.18,0.18,fixed,0.18,1.0,sin2,0.9,-0.1301549875890773,0.02788546400625146,0.035661200834856056,0.007454894086157682,0.008909664832629392,0.019243593876402364,0.02391805633282104,0.008731303804761392,0.009973791284067822,0.09513572701030523,0.10827175764539358,0.1301549875890773,
2000,base1,1,140,1,,7749.435890818015,exchangeable_varying_sigma,0.18,fixed,0.18,0.18,fixed,0.18,1.0,sin2,0.9,-0.11224597809963943,0.027998959034249513,0.03575502528583522,0.013207237869846636,0.01475841270416048,0.02014331006138335,0.024768029707892894,0.00978929553112226,0.012564361122252954,0.07679001253954784,0.08229151207447682,0.11224597809963943,
2000,base2,0,139,1,,7456.8539823968895,exchangeable_varying_sigma,0.18,fixed,0.18,0.18,fixed,0.18,1.0,sin2,0.0,-0.005941050918180066,0.028786938252565446,0.036760075597038686,0.006136802836342117,0.008590371186795226,0.028950979165440722,0.036997518922144805,0.0077718408319249754,0.00954495417979434,0.09189573416258968,0.09977316647427834,0.005941050918180066,
2000,base2,0,139,1,,6707.928462537937,exchangeable_varying_sigma,0.18,fixed,0.18,0.18,fixed,0.18,1.0,sin2,0.3,-0.041648948309664924,0.02820784846983501,0.03574894618461414,0.010001226194844767,0.013798245693136181,0.027810291795251896,0.035356074402421445,0.008974303854961424,0.010641798055051834,0.095267921918891,0.10206438477140482,0.041648948309664924,
2000,base2,1,140,1,,7530.14932678896,exchangeable_varying_sigma,0.18,fixed,0.18,0.18,fixed,0.18,1.0,sin2,0.0,-0.0226961702187228,0.02793315511673049,0.03585938106520958,0.013763508364217386,0.01578531483476897,0.027974840107293845,0.03589837155529875,0.012961611451078103,0.015361163990290007,0.08904761789558086,0.09692191084369062,0.0226961702187228,
2000,base2,3,142,1,,7522.853751011193,exchangeable_varying_sigma,0.18,fixed,0.18,0.18,fixed,0.18,1.0,sin2,0.0,0.030865382766893497,0.0283816734743227,0.03608391492266145,0.010436304782611844,0.014433834233717845,0.02860217026342481,0.03642140136347107,0.010191623387630883,0.01469729483914247,0.08783781978981013,0.09594661314336142,0.030865382766893497,
2000,base2,1,140,1,,7491.675208806992,exchangeable_varying_sigma,0.18,fixed,0.18,0.18,fixed,0.18,1.0,sin2,0.3,-0.02022019102954631,0.027984734264391572,0.03606837967240073,0.01034807559559199,0.01162127384258026,0.02707884065628354,0.03520764017298399,0.00641029203396902,0.008812878925109768,0.08639507377475275,0.09300364855233166,0.02022019102954631,
2000,base2,2,141,1,,7464.854741598014,exchangeable_varying_sigma,0.18,fixed,0.18,0.18,fixed,0.18,1.0,sin2,0.3,-0.05068338213790835,0.02832722951263769,0.03554238350114416,0.00852047396657643,0.009162913584210949,0.027792643384149204,0.03478176007594994,0.010328506040992724,0.011748655933793508,0.0938665097086037,0.10820378504705375,0.05068338213790835,
2000,base2,3,142,1,,7011.668901148019,exchangeable_varying_sigma,0.18,fixed,0.18,0.18,fixed,0.18,1.0,sin2,0.3,-0.04876598902517948,0.029893651910406403,0.03776843308430625,0.016682531065381673,0.018385268847890282,0.02935464954211907,0.037055044691246104,0.01465698533884563,0.01807085300204981,0.0934696785184483,0.10543052243971605,0.04876598902517948,
2000,base2,0,139,1,,6287.197388553061,exchangeable_varying_sigma,0.18,fixed,0.18,0.18,fixed,0.18,1.0,sin2,0.6,-0.08043774597970255,0.028223238917968962,0.03580118912437834,0.010918505301256626,0.015131669093167183,0.025393483566569244,0.032387772607683954,0.009592946076202938,0.011547220227928043,0.09961030269316365,0.1099499995120785,0.08043774597970255,
2000,base2,2,141,1,,6099.286622872809,exchangeable_varying_sigma,0.18,fixed,0.18,0.18,fixed,0.18,1.0,sin2,0.6,-0.09360978738359305,0.02834757653002535,0.035639879425967476,0.009008203012942056,0.009756684502490696,0.02517637909746579,0.03155246381423987,0.011071572023293702,0.012215961317815082,0.0950850294393189,0.10967836353686897,0.09360978738359305,
2000,base2,1,140,1,,5837.024327819934,exchangeable_varying_sigma,0.18,fixed,0.18,0.18,fixed,0.18,1.0,sin2,0.9,-0.11972710938636744,0.028168734330093335,0.035857552419620485,0.011350018169193052,0.012945567078501061,0.01852624907470634,0.023777200501539943,0.00813829577776054,0.009823780655076669,0.07603941983536236,0.0812400323262799,0.11972710938636744,
2000,base2,1,140,1,,6780.101633347105,exchangeable_varying_sigma,0.18,fixed,0.18,0.18,fixed,0.18,1.0,sin2,0.6,-0.067606942662498,0.028050425538255937,0.03597976964240407,0.010993848972529197,0.012415662781487088,0.024538010238226014,0.03178581119777977,0.007030024498589943,0.009546371596149007,0.08167718610465596,0.08745016626703346,0.067606942662498,
2000,base3,1,140,1,,5066.611853122013,exchangeable_varying_sigma,0.18,fixed,0.18,0.18,fixed,0.18,1.0,sin2,0.0,-0.00966108799009444,0.04740673835358732,0.059275491797133414,0.02053524184879929,0.022888323519376353,0.04855452776517384,0.060729879399207994,0.01992235408068857,0.022601519874718437,0.10328055632702073,0.12337648841430252,0.00966108799009444,
2000,base3,0,139,1,,5915.859650947154,exchangeable_varying_sigma,0.18,fixed,0.18,0.18,fixed,0.18,1.0,sin2,0.0,-0.003700046141767299,0.04860088583619028,0.05944965389577237,0.00631816044434888,0.007258959115945188,0.04974643916024044,0.06091916956224158,0.004817205671589386,0.006225698227421445,0.11065939480684919,0.13126106654278827,0.003700046141767299,
2000,base3,2,141,1,,5806.689745795913,exchangeable_varying_sigma,0.18,fixed,0.18,0.18,fixed,0.18,1.0,sin2,0.0,0.007872536308369206,0.0478856283831639,0.058928277438068194,0.015674527815698808,0.017773349151497964,0.0494103621422401,0.06087530460674413,0.018042471003414648,0.019451951408183003,0.11476856176549145,0.13622099645710048,0.007872536308369206,
2000,base2,0,139,1,,7066.612144422019,exchangeable_varying_sigma,0.18,fixed,0.18,0.18,fixed,0.18,1.0,sin2,0.9,-0.11748939705325978,0.028229561873363385,0.0358589316013675,0.011696768136031058,0.01635405348002372,0.019206306882228533,0.02483449751958573,0.010222144994213977,0.012176739705869861,0.104082496413082,0.11904957117137331,0.11748939705325978,
2000,base2,3,142,1,,7467.758380878018,exchangeable_varying_sigma,0.18,fixed,0.18,0.18,fixed,0.18,1.0,sin2,0.6,-0.09316723425549867,0.029748554751281645,0.037707234697193136,0.01877573491964185,0.020354473669043152,0.026693108431270894,0.03368305649383105,0.015698963347179268,0.019113966232718625,0.09598629747669023,0.10797718609302405,0.09316723425549867,
2000,base2,3,142,1,,6987.727503441973,exchangeable_varying_sigma,0.18,fixed,0.18,0.18,fixed,0.18,1.0,sin2,0.9,-0.1361988097447807,0.02952224547075846,0.03758832051313496,0.020773419530854903,0.02231848265240707,0.02023243167927323,0.025598041102582996,0.016933343822369717,0.019878093589605846,0.09897925032059042,0.11163746504015043,0.1361988097447807,
2000,base2,2,141,1,,8120.140964380931,exchangeable_varying_sigma,0.18,fixed,0.18,0.18,fixed,0.18,1.0,sin2,0.9,-0.1352924324400021,0.02841037825004208,0.035868742811190193,0.009318648836299182,0.010191411338562691,0.019086627499438243,0.024155938411164982,0.011042817639836444,0.011870431432660866,0.0961868371985279,0.1103971091963928,0.1352924324400021,
2000,base3,3,142,1,,7577.66022723401,exchangeable_varying_sigma,0.18,fixed,0.18,0.18,fixed,0.18,1.0,sin2,0.0,0.0011887426998524007,0.046016643844832554,0.0570431343375229,0.014300802573523452,0.016460032285360776,0.04753830494625956,0.05894998140110816,0.014412224087559294,0.016226442450138972,0.11802591137320095,0.14127907137087298,0.0011887426998524007,
2000,base3,0,139,1,,6403.636968382169,exchangeable_varying_sigma,0.18,fixed,0.18,0.18,fixed,0.18,1.0,sin2,0.3,-0.10802477374714753,0.0483962037157891,0.05945865573751793,0.008198365057377657,0.01011447195621233,0.049082140782991744,0.06044465499996086,0.004558296293968894,0.005334841963785349,0.10259190376372115,0.12513413683212862,0.10802477374714753,
2000,base3,1,140,1,,6345.240511990152,exchangeable_varying_sigma,0.18,fixed,0.18,0.18,fixed,0.18,1.0,sin2,0.3,-0.08673513729433316,0.04853010786437957,0.059995518165163304,0.013617506030945026,0.014860215969903137,0.04910891491361193,0.06100599603198421,0.009444254689966083,0.00956531552994476,0.11226170901512736,0.1331837348090143,0.08673513729433316,
2000,base3,2,141,1,,5574.55358221801,exchangeable_varying_sigma,0.18,fixed,0.18,0.18,fixed,0.18,1.0,sin2,0.6,-0.1771414909022645,0.04631023126846104,0.05737121065087446,0.010149115443656043,0.01057863356194848,0.04643985587393005,0.057655122575612915,0.008984160163324179,0.01181312331055956,0.115511196445377,0.13647459995499006,0.1771414909022645,
2000,base3,3,142,1,,7321.931897900067,exchangeable_varying_sigma,0.18,fixed,0.18,0.18,fixed,0.18,1.0,sin2,0.3,-0.1179771738216493,0.045505753763493015,0.05538501595791604,0.016515795201908268,0.019410395960441973,0.04660008817054402,0.056643203757567415,0.014798165393751561,0.0174900066899,0.1249077541302248,0.14866344578859605,0.1179771738216493,
2000,base3,2,141,1,,7396.416927494807,exchangeable_varying_sigma,0.18,fixed,0.18,0.18,fixed,0.18,1.0,sin2,0.3,-0.07852647896610909,0.0464120077865868,0.05741035077321289,0.009653937158006581,0.010204625987682106,0.04776643461531941,0.059093416538974555,0.008983536609330656,0.011936150594145833,0.1168023295156406,0.13843493589741257,0.07852647896610909,
2000,base3,0,139,1,,7871.8496674471535,exchangeable_varying_sigma,0.18,fixed,0.18,0.18,fixed,0.18,1.0,sin2,0.6,-0.20297399849094655,0.048639285419861816,0.05978775586020823,0.009115644163789571,0.011455713675512418,0.04785072730078539,0.05913969093152191,0.00516406406591588,0.00589899276872467,0.10328500951284648,0.12600517757671365,0.20297399849094655,
2000,base3,1,140,1,,6542.729657993885,exchangeable_varying_sigma,0.18,fixed,0.18,0.18,fixed,0.18,1.0,sin2,0.9,-0.2862549974128098,0.048544264283120836,0.059752947147130864,0.014619448604546323,0.01611492762760634,0.0448329722264993,0.055610350144863,0.0085076454563984,0.008817897131160844,0.11395811065024453,0.1374504184036052,0.2862549974128098,
2000,base3,3,142,1,,5071.830851202831,exchangeable_varying_sigma,0.18,fixed,0.18,0.18,fixed,0.18,1.0,sin2,0.9,-0.2945827673085185,0.04572589570266883,0.05627685674669321,0.020834722213185858,0.024600215393922795,0.042680507629822374,0.0527243798858011,0.01700483489644966,0.020909241204166745,0.12059400661935236,0.1445786825519371,0.2945827673085185,
2000,base3,3,142,1,,7292.693126850994,exchangeable_varying_sigma,0.18,fixed,0.18,0.18,fixed,0.18,1.0,sin2,0.6,-0.20891584315753742,0.04555031832908278,0.05570791212599368,0.01851690901188824,0.021924138318684363,0.04522374043881402,0.05513580609253864,0.015987829273935328,0.0191012883453733,0.12333127516886253,0.14720298835784407,0.20891584315753742,
2000,base3,1,140,1,,8430.962425293168,exchangeable_varying_sigma,0.18,fixed,0.18,0.18,fixed,0.18,1.0,sin2,0.6,-0.1851394960994261,0.04859408492289893,0.05991813555749532,0.014263279407884105,0.015593559328194305,0.04765043872887626,0.05914178118796833,0.009290409207018832,0.009389463315972598,0.11298360850726631,0.1351000182818944,0.1851394960994261,
2000,base3,0,139,1,,8378.139078284847,exchangeable_varying_sigma,0.18,fixed,0.18,0.18,fixed,0.18,1.0,sin2,0.9,-0.2964984579029325,0.04894857234538639,0.060187878026791285,0.009893906998566418,0.012744877260703651,0.04527809616511811,0.05646559211665584,0.005705137060259879,0.006362103882064209,0.1054731575963296,0.12832262697297075,0.2964984579029325,
2000,base3,2,141,1,,8016.621461150004,exchangeable_varying_sigma,0.18,fixed,0.18,0.18,fixed,0.18,1.0,sin2,0.9,-0.2761345457640304,0.04625460517333361,0.05737307131486286,0.010462411551645623,0.01078872478410465,0.04363174857934441,0.054787773724031555,0.008672400135637692,0.0109763784356836,0.11393433762509483,0.13424285186609708,0.2761345457640304,
2000,base4,3,142,1,,4343.7047458179295,exchangeable_varying_sigma,0.18,fixed,0.18,0.18,fixed,0.18,1.0,sin2,0.0,0.016185406250113915,0.025547131809317076,0.03309849622823649,0.012286346092785172,0.013750531367441289,0.025618415978457838,0.03326372279864665,0.012060373694458282,0.014227158973263902,0.10395435131002854,0.11236197046555907,0.016185406250113915,
2000,base4,0,139,1,,6498.84515441698,exchangeable_varying_sigma,0.18,fixed,0.18,0.18,fixed,0.18,1.0,sin2,0.0,-0.009680289010729521,0.0254674087887392,0.033184850669953234,0.005240439157927823,0.00705092458338334,0.025409766488779975,0.03318065267676761,0.006394349437296526,0.007805098594312172,0.10953015750735846,0.1157733765947096,0.009680289010729521,
2000,base4,1,140,1,,7501.1933981450275,exchangeable_varying_sigma,0.18,fixed,0.18,0.18,fixed,0.18,1.0,sin2,0.0,-0.016328962754916625,0.026151743006046804,0.033623228531509335,0.014522576416766214,0.01570503911013512,0.026126280117384864,0.03358811396596085,0.013674743780284243,0.01576699667440678,0.10574532255324637,0.11349344225885316,0.016328962754916625,
2000,base4,0,139,1,,6758.710279040039,exchangeable_varying_sigma,0.18,fixed,0.18,0.18,fixed,0.18,1.0,sin2,0.3,-0.04978360048638747,0.025921429833386828,0.033294183772578104,0.009578075416313836,0.012228452723162116,0.024946062582310906,0.032180808687429015,0.006705658609959572,0.00870487253300223,0.11374075408655568,0.11751244775706168,0.04978360048638747,
2000,base4,2,141,1,,7838.110443009064,exchangeable_varying_sigma,0.18,fixed,0.18,0.18,fixed,0.18,1.0,sin2,0.0,-0.005125064041980271,0.02645211495713305,0.03410052815514966,0.0131756407888452,0.01442236154826605,0.026500036414043165,0.034265954206934776,0.014353898450553015,0.01591299712227886,0.11430690304130922,0.12239586393793227,0.005125064041980271,
2000,base4,3,142,1,,6393.203504876001,exchangeable_varying_sigma,0.18,fixed,0.18,0.18,fixed,0.18,1.0,sin2,0.3,-0.0464835769944652,0.02487478471302194,0.032356429953004445,0.017251445997359005,0.018111383609540288,0.023857295122091015,0.031097703776659925,0.014980488366641065,0.01680226479351359,0.10940827275950685,0.12111862518325928,0.0464835769944652,
2000,base4,0,139,1,,6174.231457967078,exchangeable_varying_sigma,0.18,fixed,0.18,0.18,fixed,0.18,1.0,sin2,0.6,-0.08154181889756817,0.026060479450647517,0.033566985672743035,0.010495354522724348,0.013619888664826586,0.021914406765384125,0.028471821480970935,0.007235497884726827,0.009467986399536983,0.11808494912621825,0.1242517511208493,0.08154181889756817,
2000,base4,1,140,1,,6865.323778107064,exchangeable_varying_sigma,0.18,fixed,0.18,0.18,fixed,0.18,1.0,sin2,0.3,-0.009571403195211325,0.025469442616600935,0.03339742211588262,0.011088554749546675,0.01236021270650599,0.02438880979404349,0.03247594728956736,0.0076124766822502354,0.009516943136660419,0.10488845288611216,0.1115983891348521,0.009571403195211325,
2000,base4,2,141,1,,6956.771909389179,exchangeable_varying_sigma,0.18,fixed,0.18,0.18,fixed,0.18,1.0,sin2,0.3,-0.03775756253038243,0.024886923733534655,0.032202265528612765,0.007020598819805018,0.008233401236486993,0.024095531302870173,0.031154532669954597,0.008378881367083174,0.010236292103607138,0.11275616163420117,0.12504773150858253,0.03775756253038243,
2000,base4,1,140,1,,6220.84442889411,exchangeable_varying_sigma,0.18,fixed,0.18,0.18,fixed,0.18,1.0,sin2,0.6,-0.05093961063513819,0.025504042916084838,0.03321891303064264,0.0117343281264852,0.013159856986375113,0.021512025767783365,0.02867644257500828,0.007759943774634764,0.010077408808871641,0.10033114215041017,0.1059875474659237,0.05093961063513819,
2000,base4,2,141,1,,5696.066938296193,exchangeable_varying_sigma,0.18,fixed,0.18,0.18,fixed,0.18,1.0,sin2,0.6,-0.07313427860960131,0.024961912116460625,0.032271076732500716,0.007515777105456367,0.008836837119119695,0.021161424179227457,0.027398478034211016,0.008933776257592396,0.010489686705061481,0.1138589780527691,0.12666230771387219,0.07313427860960131,
2000,base4,0,139,1,,4024.3521501179785,exchangeable_varying_sigma,0.18,fixed,0.18,0.18,fixed,0.18,1.0,sin2,0.9,-0.11100000917503894,0.026190428308026162,0.03388054080270455,0.011273617357500668,0.014907966071538478,0.0142895149826863,0.0188122525395915,0.008122178329345392,0.00993027365877538,0.122536291967689,0.1321966019590336,0.11100000917503894,
2000,base4,3,142,1,,5800.13938240218,exchangeable_varying_sigma,0.18,fixed,0.18,0.18,fixed,0.18,1.0,sin2,0.6,-0.0801407537645632,0.02493758380195614,0.0324673040575341,0.019344649851620932,0.02037590889542926,0.020791490369904436,0.02722685044257111,0.015955748029319622,0.017908963442022193,0.11215825759418394,0.12478074597187912,0.0801407537645632,
2000,base4,1,140,1,,4355.229899136117,exchangeable_varying_sigma,0.18,fixed,0.18,0.18,fixed,0.18,1.0,sin2,0.9,-0.09770903631844763,0.02547135066797102,0.03295070885031104,0.012090497323151594,0.0136907966962104,0.014108437610485492,0.01882367704837293,0.007759726534614764,0.010121193962514312,0.09488190032471441,0.09964896624491545,0.09770903631844763,
2000,base4,2,141,1,,3143.4850233730394,exchangeable_varying_sigma,0.18,fixed,0.18,0.18,fixed,0.18,1.0,sin2,0.9,-0.10769933232136153,0.02516077378581833,0.03247661209168721,0.007829073213443671,0.009279824342735303,0.013797302952225803,0.01788850775381718,0.008701214622743147,0.00997109174909767,0.11480784076373952,0.12746642344534323,0.10769933232136153,
2000,base4,3,142,1,,2521.960291354917,exchangeable_varying_sigma,0.18,fixed,0.18,0.18,fixed,0.18,1.0,sin2,0.9,-0.11016667210403486,0.02523384247655682,0.03269403482802186,0.021342334462832763,0.022662390041365544,0.013296215327747872,0.017577268855260817,0.01690683989309938,0.01904186660759771,0.11556300701413093,0.12969905120981487,0.11016667210403486,
