n_subject,coef_type,rep,seed,success,error_message,elapsed_seconds,bandwidth_input,bandwidth_method,best_bandwidth,sigma2_true,rho_true,miae_iid,rmise_iid,beta_mae_iid,beta_rmse_iid,miae_final,rmise_final,beta_mae_final,beta_rmse_final,sigma2_abs_error,rho_abs_error,Sigma_fro_error
2000,quadratic,4,127,1,,167.44742120907176,0.13,fixed,0.13,1.0,0.0,0.02939856427891999,0.03827441605848002,0.017332851247091385,0.02246534157372641,0.029407314270678518,0.03828262120877138,0.017334301393273854,0.022467876483290985,0.050538115534942474,0.0010512243633921847,0.07148562541340682
2000,quadratic,5,128,1,,167.5661479170667,0.13,fixed,0.13,1.0,0.0,0.03345033821599102,0.04358075024561203,0.003935079258328145,0.0045027026701521,0.03340755427465304,0.04348774155691421,0.003900828408269108,0.004506744652870436,0.0609744129248857,0.04456582842670003,0.10458653897059257
2000,quadratic,2,125,1,,167.85667566698976,0.13,fixed,0.13,1.0,0.0,0.028173497646096304,0.03632802089098826,0.011813078065905591,0.015804337808493787,0.028589653076431746,0.03691683974756398,0.011854267079772107,0.015907365873578234,0.031989321081356104,0.06472373519411276,0.09948616496677375
2000,quadratic,3,126,1,,167.9004392089555,0.13,fixed,0.13,1.0,0.0,0.037387922425255425,0.0487600671684375,0.020778092108958424,0.027040437498524438,0.03741362265322443,0.04879023897628589,0.02078867399148776,0.027054690919894837,0.044937917756866286,0.011406994128916617,0.0653927233373422
2000,quadratic,0,123,1,,169.43583287496585,0.13,fixed,0.13,1.0,0.0,0.027812024788544377,0.03678608674947383,0.01055629898232513,0.010570723085234397,0.02776953577044484,0.03672604276436299,0.010523419356340602,0.010538886099424822,0.032453473033863256,0.011598806335327404,0.0485627394668056
2000,quadratic,1,124,1,,169.52370045799762,0.13,fixed,0.13,1.0,0.0,0.031101802893548115,0.04059211169440443,0.015476342377014118,0.015624034422704746,0.031038259736082083,0.04048725223182446,0.015481002417246259,0.015625857572563618,0.019071862762862324,0.024090718387857944,0.04294583948328068
2000,quadratic,6,129,1,,145.53414358303417,0.13,fixed,0.13,1.0,0.0,0.031335315284673586,0.04151913258815669,0.020455678987473025,0.022466859255593795,0.03121859712528483,0.04137036456951294,0.02049171665780336,0.022485415631161437,0.00540804049109167,0.03086863455683885,0.04408720954489154
2000,quadratic,7,130,1,,145.88213883305434,0.13,fixed,0.13,1.0,0.0,0.03321236927592751,0.0408403446662908,0.0077869128787706465,0.0077900076985298,0.03314410774528606,0.04083073717342404,0.007749924614645298,0.007752960581210639,0.028973473416730955,0.026589417371428583,0.05488322969739488
2000,quadratic,8,131,1,,146.53096983302385,0.13,fixed,0.13,1.0,0.0,0.03230089358111604,0.04248896200835078,0.010782394652427918,0.013347972991378685,0.03230612763491109,0.04250232775066323,0.0108320279909353,0.013380703083348558,0.0313190325010132,0.018402663885422638,0.05096389180942814
2000,quadratic,9,132,1,,147.88336070801597,0.13,fixed,0.13,1.0,0.0,0.029943367587912346,0.04168535118185631,0.027263404915313982,0.027379866780307842,0.02996014159482768,0.04167731064349367,0.027347393220716665,0.02746461559317923,0.025396612010019748,0.03386036802559357,0.05889000325912221
2000,quadratic,11,134,1,,147.55232158396393,0.13,fixed,0.13,1.0,0.0,0.029640984676239414,0.0386918145269173,0.023227780774637274,0.02386967246249287,0.029627201487394516,0.03863691964983105,0.02326989078713937,0.023902907064670815,0.0063012154369122,0.02010611618424227,0.029627104751193976
2000,quadratic,10,133,1,,148.43590462498832,0.13,fixed,0.13,1.0,0.0,0.03479976459657629,0.04347507975285133,0.005264011352488662,0.006248271494826015,0.03469521254649203,0.0433581636937214,0.005184931216733135,0.0061761335208337055,0.039458429941223616,0.01611737800801382,0.05994400383431891
2000,quadratic,12,135,1,,154.07513295905665,0.13,fixed,0.13,1.0,0.0,0.032202235094475125,0.04307360764706168,0.016427364594268967,0.01862300833057914,0.03210663757803804,0.04294880186464251,0.016554391872267482,0.01873338541352144,0.029783418308422793,0.04973750517462099,0.08019611257835553
2000,quadratic,13,136,1,,153.9661091249436,0.13,fixed,0.13,1.0,0.0,0.030725841424870767,0.03995337330575351,0.01090959858124596,0.0116619489644549,0.030704152362676766,0.03991982234835791,0.010953663328224117,0.01168203036889159,0.02527435420940838,0.02766083700265866,0.05226332777153384
2000,quadratic,14,137,1,,155.23121283308137,0.13,fixed,0.13,1.0,0.0,0.03081003072545811,0.03940313931014441,0.017483421399226762,0.018023783490842413,0.03085357409237322,0.03936110354971546,0.017464670485565215,0.018021421386463076,0.001073834395433404,0.048852186159753876,0.06902994242754333
2000,quadratic,15,138,1,,156.03509029198904,0.13,fixed,0.13,1.0,0.0,0.03068223218872557,0.04130699654961897,0.0071660774986641584,0.009003703603782684,0.0306829271688726,0.04130665928787283,0.007165169495681356,0.00900177903904955,0.02383410902213945,0.0016305875208548473,0.0337816026238273
2000,quadratic,16,139,1,,157.33691245794762,0.13,fixed,0.13,1.0,0.0,0.03303857070850062,0.042346012057806054,0.02043912543528048,0.02044545406358803,0.03316742907255851,0.042493836093293276,0.02038689218889722,0.020393688031335327,0.055406690886607324,0.020354440782643292,0.0829405350773629
2000,quadratic,17,140,1,,157.81997208308894,0.13,fixed,0.13,1.0,0.0,0.031154748941512354,0.04112705279344387,0.019480787834937674,0.021458915529683677,0.031040054419351346,0.04116329605341878,0.019461777297947958,0.021444165811307987,0.012337212009686738,0.03128803997889337,0.047056188352137984
2000,quadratic,18,141,1,,156.10257466696203,0.13,fixed,0.13,1.0,0.0,0.031933256880205194,0.041513050791595264,0.01442224548707638,0.01591829030117239,0.03195868125501871,0.04152996977543343,0.01440446319354205,0.01591632345831842,0.017648894687682604,0.013321752655998626,0.031072289568731423
2000,quadratic,19,142,1,,156.4918488340918,0.13,fixed,0.13,1.0,0.0,0.032906683564432444,0.04239759848916737,0.024210285192205916,0.02523191300353996,0.03293755435976255,0.0424191925104745,0.024216676102956303,0.025230327806085272,0.024484352258590136,0.011491580385325538,0.038082869091551244
2000,quadratic,20,143,1,,157.54361649998464,0.13,fixed,0.13,1.0,0.0,0.03437371576170833,0.04334177136714631,0.0028532503186151636,0.0032933509520214218,0.034411201825189974,0.043328783836449176,0.0028566437529080613,0.0032954039925312466,0.006498657485641823,0.01071898598305744,0.017811648440571707
2000,quadratic,21,144,1,,158.28154050000012,0.13,fixed,0.13,1.0,0.0,0.03356136831963547,0.043935052623183375,0.016265281581090862,0.016766936169895403,0.0335453951452877,0.04390873169945423,0.01627255852455045,0.01677485489352109,0.009987784739042826,0.009038730981796049,0.018964739621672524
2000,quadratic,22,145,1,,158.8726528750267,0.13,fixed,0.13,1.0,0.0,0.030098807835994636,0.03835892876214026,0.01769385324771,0.018470048917484334,0.030054189045198486,0.03838919746793944,0.01764921546540532,0.018420003480870452,0.014049030548135333,0.02847915859356425,0.04440289482124159
2000,quadratic,23,146,1,,158.95716900005937,0.13,fixed,0.13,1.0,0.0,0.02835067658497202,0.03635124430256862,0.01857985724201794,0.0186072005181292,0.028344068188738615,0.03634671720558346,0.01859263390444288,0.018620261106364906,0.011169222206766083,0.01201202458364586,0.023057973617148106
2000,quadratic,24,147,1,,165.3738268329762,0.13,fixed,0.13,1.0,0.0,0.032697455646370444,0.0436679993059282,0.016755407030345726,0.020306701900140167,0.032721101061257224,0.043739613404651066,0.01675244506929907,0.02032397069351517,0.042267284616155476,0.012580638658312604,0.06215623991753355
2000,quadratic,25,148,1,,165.54508741595782,0.13,fixed,0.13,1.0,0.0,0.03188889595613231,0.0413548116840724,0.01237318508314722,0.017257644949693358,0.031755765581604846,0.04116348137724255,0.012401342316556097,0.01731054743499918,0.008264200150277512,0.03743121749197437,0.05378347072215517
2000,quadratic,26,149,1,,165.54580345901195,0.13,fixed,0.13,1.0,0.0,0.033881477996858096,0.04484299286557514,0.005923910090856577,0.007026119018553193,0.03387150616896086,0.04481380793911509,0.005945863663821216,0.007043816433680785,0.03980378277625696,0.013737533384198355,0.059301541592772095
2000,quadratic,27,150,1,,167.62323295790702,0.13,fixed,0.13,1.0,0.0,0.029693598775324074,0.04081542715580194,0.011452749342100832,0.012489206217742889,0.029599637486588656,0.040717435295667063,0.011517124912134413,0.0125279285998104,0.05756511515703555,0.044728890787092884,0.1009030014508422
2000,quadratic,28,151,1,,166.98837833292782,0.13,fixed,0.13,1.0,0.0,0.029949976833180243,0.03924776181778116,0.013248284772480412,0.014392022211757439,0.02992361962921649,0.03914341442722844,0.013355640346048414,0.014510169032894498,0.058936872136125196,0.0245127539172268,0.08950631012435652
2000,quadratic,29,152,1,,168.26105395890772,0.13,fixed,0.13,1.0,0.0,0.03280811528228658,0.04180985999190608,0.009854724913545887,0.013337498485530438,0.03281685785987421,0.041816750401923876,0.009852788430942283,0.013332690348142821,0.0495566216772918,0.0019742274419491195,0.07013386623807871
2000,quadratic,0,123,1,,148.73136233305559,0.13,fixed,0.13,1.0,0.3,0.03026781436972088,0.03686977121883326,0.017308459844272095,0.022927007280033978,0.029877126121711166,0.0373337630287508,0.017285018713524503,0.022668860916302956,0.03858588020717679,0.008819450735631174,0.06149909767528806
2000,quadratic,1,124,1,,149.02877466601785,0.13,fixed,0.13,1.0,0.3,0.028783531240441397,0.03934305795899674,0.01716676702447839,0.018468853626226484,0.02790361693485343,0.03753672106087097,0.017311588349392837,0.018979005824081664,0.012366783836594064,0.010426382779361365,0.019815714516183008
2000,quadratic,2,125,1,,149.23494799993932,0.13,fixed,0.13,1.0,0.3,0.036303349725648366,0.049397179689222,0.024057927621735198,0.02406459345138764,0.034719803964226054,0.04644942766104471,0.02425968820744573,0.024297705454527443,0.05339139700257156,0.042257796171995876,0.10944195754336257
2000,quadratic,3,126,1,,149.14670437492896,0.13,fixed,0.13,1.0,0.3,0.030829991968112046,0.037882640351260474,0.011577518746782589,0.014093439128665668,0.030902790126683753,0.037556222385315134,0.012010434611702925,0.014183862552185952,0.04475177176393319,0.031073563626456302,0.08787563583714952
2000,quadratic,4,127,1,,150.65995050000492,0.13,fixed,0.13,1.0,0.3,0.030891500586224856,0.04135002740213105,0.02493399906010252,0.02868363482269826,0.030843033169654095,0.04139191897928329,0.024688773825151333,0.028305780957978564,0.07642306255952414,0.06367647565640672,0.1582493520524456
2000,quadratic,5,128,1,,150.28274745796807,0.13,fixed,0.13,1.0,0.3,0.026180057006969536,0.03331849030948275,0.023332013990351452,0.03177048208232089,0.02329357879216708,0.030113429212143175,0.023899163901669906,0.03199680152955898,0.03770881121278025,0.02093823485166829,0.054772802871364414
2000,quadratic,6,129,1,,122.88233716704417,0.13,fixed,0.13,1.0,0.3,0.033263743204717526,0.044239868215388785,0.023931719649542993,0.0316658698457062,0.03190569754896715,0.0432019165700504,0.02474436641469735,0.03246244529181735,0.013835776155871504,0.008455692721153985,0.026359615925495634
2000,quadratic,7,130,1,,122.8855194170028,0.13,fixed,0.13,1.0,0.3,0.027892396372415508,0.036834042412721445,0.009066491925682207,0.00992299422125422,0.026711158746426936,0.035329621612110444,0.00865572298084305,0.009459845434555086,0.03076675796489936,0.016844307560998528,0.05656336522577833
2000,quadratic,8,131,1,,123.05763716599904,0.13,fixed,0.13,1.0,0.3,0.03140861404735176,0.03981431213568604,0.008942916270441081,0.00904722586907326,0.030442086616997134,0.03843173533281767,0.00874334308496616,0.008809267833354954,0.0330807970146213,0.01896606627069719,0.06153259688637193
2000,quadratic,9,132,1,,122.65169700002298,0.13,fixed,0.13,1.0,0.3,0.030230987132617203,0.039107614059761896,0.0398896280123795,0.04523319795230036,0.02893110033136093,0.03715709539823364,0.039209646409138266,0.0447023832219195,0.03299836068293671,0.025471728555918005,0.06754645575764398
2000,quadratic,10,133,1,,122.98710633302107,0.13,fixed,0.13,1.0,0.3,0.03067008707329323,0.04104178729290695,0.007948148206856853,0.01091589356308607,0.030345455623965692,0.040194794378431396,0.00821746517009836,0.011523698926713274,0.04043487544611368,0.009588129305040494,0.06465270797864123
2000,quadratic,11,134,1,,121.95435020804871,0.13,fixed,0.13,1.0,0.3,0.03139907656003033,0.040146650369366335,0.011209829763639823,0.011305378605361335,0.02965696408420915,0.03758805705763307,0.011217235689988003,0.0113138807745938,0.0061838136183614,0.0032084471739821097,0.00894624764952299
2000,quadratic,12,135,1,,121.53590287500992,0.13,fixed,0.13,1.0,0.3,0.03460308727217099,0.043447443847784754,0.018167568651110688,0.02123220387150199,0.03139962742592268,0.039810664725890184,0.017762934367318017,0.0208653229860505,0.0389953466591586,0.04339952475088238,0.09351803155049816
2000,quadratic,13,136,1,,121.061003040988,0.13,fixed,0.13,1.0,0.3,0.03296373708016231,0.043011767720873124,0.011742996594218402,0.01245033648737751,0.032021808402538196,0.04180121065258152,0.012204381007814735,0.013135403215767342,0.0219947871236299,0.011012866680321698,0.03166000487100504
2000,quadratic,14,137,1,,122.55400041595567,0.13,fixed,0.13,1.0,0.3,0.031738262089231195,0.039704544145269687,0.013402690743207657,0.01349923219149306,0.030033051729362076,0.037612476417259504,0.013636755241336562,0.013705439857804263,0.014390447372358284,0.05265811897863776,0.08206692335495207
2000,quadratic,15,138,1,,123.60917520802468,0.13,fixed,0.13,1.0,0.3,0.02917033943099298,0.036905642040663926,0.016048215816779843,0.01706079496975623,0.027917697514762325,0.03457557572738174,0.016412455079862776,0.017414768221288374,0.02124542775105631,0.004413568063699802,0.03363681340471527
2000,quadratic,16,139,1,,123.89323275000788,0.13,fixed,0.13,1.0,0.3,0.031086507801899244,0.04047018295612544,0.020934696081554183,0.025675612498360294,0.030067367793075297,0.03891763681455786,0.020287782359847295,0.02453142524838379,0.04210999765040513,0.0040005903402455245,0.06083925183372081
2000,quadratic,17,140,1,,124.70349533308763,0.13,fixed,0.13,1.0,0.3,0.03106485340582625,0.040955251005920686,0.019053256387943085,0.02068800232962028,0.028927110236983317,0.03846757230398939,0.01843240800788748,0.020542245027880265,0.007368682832121332,0.010042969988727946,0.01513206282141502
2000,quadratic,18,141,1,,122.63556287507527,0.13,fixed,0.13,1.0,0.3,0.02837429073535932,0.0381761655515645,0.021507034805368974,0.02160545089478634,0.02653049435742335,0.035331486367898464,0.0202673209901556,0.02035196648709579,0.01617404779542908,0.027978745787816117,0.05118520464512966
2000,quadratic,19,142,1,,122.85428620793391,0.13,fixed,0.13,1.0,0.3,0.02865065860013105,0.03722796476387029,0.01599051204436175,0.018527730705913403,0.028878454226220023,0.03694719279389368,0.015850876478932463,0.01791420908451236,0.010789980116579723,0.025932467238993395,0.035181972419505776
2000,quadratic,20,143,1,,122.58010262495372,0.13,fixed,0.13,1.0,0.3,0.03197149369681733,0.042620323534426456,0.013015522448257766,0.013776046257041432,0.03167879952884965,0.04147389551795144,0.01290905004347298,0.013704664991786741,0.008500553600535588,0.00883664229801745,0.015015276989394
2000,quadratic,21,144,1,,122.92309295898303,0.13,fixed,0.13,1.0,0.3,0.03233500676729648,0.0399945662893014,0.024242461792736147,0.025990618991811956,0.031118438141209518,0.039221913237070596,0.024464941456284306,0.026138304950357547,0.008948062932133793,0.01806284698188082,0.03174386042489413
2000,quadratic,22,145,1,,123.73263824998867,0.13,fixed,0.13,1.0,0.3,0.031420819447924436,0.03961594597800763,0.008618446548882774,0.008988359854636866,0.029528088483042777,0.03693380470623431,0.009258263950566725,0.00974636773952681,0.02421551915049125,0.02843777646045509,0.06020560316175256
2000,quadratic,23,146,1,,123.55059150001034,0.13,fixed,0.13,1.0,0.3,0.029515297527464627,0.039351453019734625,0.03670706970693072,0.03828297714674721,0.028325122879042243,0.03738179403850438,0.03620062943826419,0.03776631117368913,0.023623976170282557,0.03619910186170339,0.06868031556209189
2000,quadratic,24,147,1,,116.49266724998597,0.13,fixed,0.13,1.0,0.3,0.03210845459345555,0.042289050001795184,0.021708727791619697,0.024256564999324978,0.030516912579521945,0.041086766428789855,0.02171059778623019,0.024085224308865266,0.049968582177121745,0.0238635448323678,0.08849025085203376
2000,quadratic,25,148,1,,116.67791870806832,0.13,fixed,0.13,1.0,0.3,0.031562565029638744,0.04195617724600965,0.03384430285330087,0.03387843296662561,0.028870182577961805,0.03878392602057921,0.0337212725568381,0.03377665262846136,0.0023957267141386795,0.008087330239764323,0.01093167816936682
2000,quadratic,26,149,1,,117.38285129202995,0.13,fixed,0.13,1.0,0.3,0.030255135479608876,0.04017948712243727,0.010703507408710289,0.014568190001282134,0.02804795781094297,0.03687137383705667,0.01039868159799573,0.014485116555340577,0.02976186103643108,0.003397843601013084,0.04550221400833023
2000,quadratic,27,150,1,,118.0798611670034,0.13,fixed,0.13,1.0,0.3,0.03175778162280325,0.042367317248646424,0.007654435002149018,0.007654873985032968,0.03039816094189225,0.04090644104688389,0.007528663350610865,0.007533690214772203,0.0681357382649278,0.040601031899616,0.1267950931374595
2000,quadratic,28,151,1,,118.021096667042,0.13,fixed,0.13,1.0,0.3,0.03299160139342612,0.04222737746758057,0.020189100560548345,0.020266822394259556,0.03153978854823415,0.04107563594435467,0.019350771611060802,0.019369188296562086,0.06189770450231502,0.0004629129300600665,0.09121629154565612
2000,quadratic,29,152,1,,118.85154187504668,0.13,fixed,0.13,1.0,0.3,0.03056757008452155,0.041103671786053,0.018770000125150288,0.02526506735063958,0.0287504361571527,0.03933415331497966,0.018605034039464563,0.02559308222542072,0.04217747280118367,0.0034518408527423605,0.06109509720084564
2000,quadratic,0,123,1,,125.90639841696247,0.13,fixed,0.13,1.0,0.6,0.029343002493496133,0.03544625913276058,0.01877284523827205,0.025400604326963776,0.025855555818581698,0.03268090383248562,0.01852564062271589,0.024838199095810573,0.0405133120180694,0.012785691863749005,0.07718949966160506
2000,quadratic,1,124,1,,126.27347725001164,0.13,fixed,0.13,1.0,0.6,0.028891380588771515,0.03929761646292143,0.018923790998029766,0.020219698161434985,0.023701328704908306,0.03170833934709934,0.01916300796121173,0.02117100204021137,0.006863911401707945,0.0023626794321265354,0.013334694281801816
2000,quadratic,2,125,1,,130.10655891604256,0.13,fixed,0.13,1.0,0.6,0.03604264391980122,0.04948980462830381,0.026330371441716238,0.026330390173083626,0.029409410279099588,0.038698566712943035,0.02668344454195415,0.02674134289396653,0.06301440359361965,0.0406845533577781,0.13954283496868777
2000,quadratic,3,126,1,,132.49543779203668,0.13,fixed,0.13,1.0,0.6,0.030018641562194564,0.03727815910242093,0.012804221971076668,0.01596201306095474,0.026823597309991724,0.032602401661327295,0.013754470467514768,0.016202937156643085,0.053893598577307245,0.03090781999657588,0.11572726806044792
2000,quadratic,4,127,1,,134.54060391604435,0.13,fixed,0.13,1.0,0.6,0.029867682345665367,0.040002380833950274,0.028152087078389787,0.032549327408670385,0.026673668899877472,0.03610947883711666,0.02775883586210126,0.0319711718091789,0.09473385176864368,0.05361732461177782,0.20039501166269508
2000,quadratic,5,128,1,,135.6296591249993,0.13,fixed,0.13,1.0,0.6,0.026879977338133226,0.03440041265997361,0.02537386911810202,0.034944833153921676,0.01902935237585792,0.02506002511593347,0.02631444039803288,0.03527606678077497,0.028442652182878003,0.004006102260703748,0.04432885755479866
2000,quadratic,6,129,1,,152.96076929196715,0.13,fixed,0.13,1.0,0.6,0.03312335491602391,0.04325698379389584,0.025718185853834896,0.03452223220463704,0.0275524768475671,0.0370047792510237,0.027169352664687674,0.03602130396638101,0.013936744352233243,0.01638033083513879,0.03987915246933878
2000,quadratic,7,130,1,,152.6370568749262,0.13,fixed,0.13,1.0,0.6,0.027761463097116572,0.03691580700214488,0.010251755380199734,0.011253371035555829,0.02229622027314209,0.02985711798470897,0.00941200087388272,0.010323737931656527,0.0342578865677301,0.02069445581651075,0.07506149220090742
2000,quadratic,8,131,1,,152.36239374999423,0.13,fixed,0.13,1.0,0.6,0.03133015177206157,0.0395942651822997,0.0105072547107119,0.010648794542565319,0.025921884338932444,0.03272952793288045,0.010312081952482455,0.010395351573748985,0.037287752199517854,0.022817070671266815,0.08193066225626086
2000,quadratic,9,132,1,,150.77855916600674,0.13,fixed,0.13,1.0,0.6,0.029700981351830042,0.03898265885629404,0.04458966860248448,0.05051261522129141,0.02438914037298695,0.031487271633076186,0.043190394300370194,0.049454536718435936,0.038320437450595435,0.027554061890749604,0.08851846861216478
2000,quadratic,10,133,1,,150.24733420892153,0.13,fixed,0.13,1.0,0.6,0.02983974694460547,0.04008423214958933,0.00900263338384577,0.012074584414134337,0.026188758677644534,0.03446740152318155,0.009665093822153858,0.013289360071986625,0.04102681638079453,0.016060540172843307,0.08105081553859023
2000,quadratic,11,134,1,,149.77038862509653,0.13,fixed,0.13,1.0,0.6,0.03174223240505347,0.04084246533041876,0.012753421471070725,0.012840955236618209,0.025225180237111892,0.03187395707767789,0.012986175799118982,0.013073489356696484,0.0016617132592610107,0.008106019213905968,0.013067647551434223
2000,quadratic,12,135,1,,115.12722129106987,0.13,fixed,0.13,1.0,0.6,0.03522457601825741,0.04437820139663855,0.019946245231653226,0.023467919685889762,0.02547509083009613,0.032688798988416846,0.0187689916967948,0.022527698219316515,0.0490027302527144,0.041768850363607,0.11982782302621228
2000,quadratic,13,136,1,,115.21147720899899,0.13,fixed,0.13,1.0,0.6,0.03226616175810871,0.042249339256314716,0.012161241677312695,0.012974546520201824,0.027161116728045605,0.03537479690089736,0.01272797444694973,0.014079928697132716,0.01636958309932235,0.00011864652407644893,0.027082692721481613
2000,quadratic,14,137,1,,114.26305412501097,0.13,fixed,0.13,1.0,0.6,0.031782200719554246,0.04006029644871955,0.014722716617076914,0.014846694246123306,0.024728410991790982,0.03159262970744506,0.015171881606843574,0.015241945353006802,0.028816020634409356,0.0484773016724247,0.09973824545271308
2000,quadratic,15,138,1,,113.53481750003994,0.13,fixed,0.13,1.0,0.6,0.029509066677268124,0.037636330527920384,0.017511759479447386,0.01871869103179398,0.023619038592796283,0.029356494259225763,0.0181664713481402,0.01937782078262387,0.01947772252234725,0.01386007483414109,0.04512860612970683
2000,quadratic,16,139,1,,113.70524962502532,0.13,fixed,0.13,1.0,0.6,0.03086467544383774,0.040681126958916125,0.02318534729980315,0.02883210312731325,0.02540992174945978,0.033177054796785926,0.021682942806449557,0.02643463826533557,0.038182101011489555,0.009460231422560583,0.07046137749647631
2000,quadratic,17,140,1,,113.71764566691127,0.13,fixed,0.13,1.0,0.6,0.031738921116149586,0.04157232553043395,0.021209483899558013,0.022783405572740462,0.024590782123763758,0.03259863767951875,0.019849479838582207,0.022259872612678477,0.001684869919184151,0.0040611989919809854,0.007549282273499059
2000,quadratic,18,141,1,,119.35336754098535,0.13,fixed,0.13,1.0,0.6,0.028737133167183175,0.03899320467509041,0.02444242308454636,0.024576419818595617,0.02235848508658782,0.029643480301921696,0.021906632799833847,0.022026564376761523,0.02217205844430581,0.03159841962714893,0.0699333001408869
2000,quadratic,19,142,1,,120.47239470889326,0.13,fixed,0.13,1.0,0.6,0.028423528938980255,0.03688500812957962,0.017805725005637374,0.020577201824114943,0.025128540789078564,0.03209537889327505,0.017607733092049882,0.01940481630756804,0.0013337622338879251,0.009178583576610944,0.011980841901940268
2000,quadratic,20,143,1,,123.40220045798924,0.13,fixed,0.13,1.0,0.6,0.031740327647116616,0.04225969525187388,0.013928544323036807,0.014678537990097332,0.027548261387392158,0.03549157272494319,0.013387583785533508,0.014205452539079266,0.007871320739027299,0.0172588131604966,0.02109663427550089
2000,quadratic,21,144,1,,126.44652095797937,0.13,fixed,0.13,1.0,0.6,0.03245445715883974,0.040071075146272075,0.026543671445231176,0.028427681112877592,0.026798373071239133,0.034199227306093025,0.026853634944050686,0.028548152571795306,0.01237926805536238,0.023787854199652347,0.047103094047698364
2000,quadratic,22,145,1,,131.63652395806275,0.13,fixed,0.13,1.0,0.6,0.03171289267960408,0.04004630709441631,0.009548322638158746,0.01005360005343874,0.02439942044570485,0.030584907320095268,0.01091212191579749,0.011779807154670493,0.030095457202024,0.030028598480545732,0.07914406701662577
2000,quadratic,23,146,1,,133.1241607919801,0.13,fixed,0.13,1.0,0.6,0.029362441399079394,0.03941695571147617,0.04036688793704424,0.04212169880093408,0.02397429489160708,0.03164792170392368,0.039069526565726154,0.04080907505595218,0.032619818409658885,0.034825104999460677,0.0883265245216528
2000,quadratic,24,147,1,,167.97832004202064,0.13,fixed,0.13,1.0,0.6,0.03198585683574327,0.042008941675359394,0.02356739678187192,0.026508069082452644,0.026003080070902178,0.03511753553740102,0.023348462901466638,0.025912581145397025,0.054800220403921185,0.026324149170220634,0.1126008841596221
2000,quadratic,25,148,1,,168.48300733300857,0.13,fixed,0.13,1.0,0.6,0.03231472817315113,0.04238738623784492,0.03757620566294517,0.03759934195238703,0.023932994395107172,0.032312005698999766,0.03728945859012689,0.03734154713797869,0.0035993719952940317,0.0051543385656736,0.006638563292763777
2000,quadratic,26,149,1,,170.53591362503357,0.13,fixed,0.13,1.0,0.6,0.030766437036055458,0.04072107822143691,0.011622512446598288,0.016114752196784023,0.023756967882917153,0.03079551839025658,0.01173310894725188,0.01589020251262045,0.0276581151882751,0.012630229179914632,0.056546996852426916
2000,quadratic,27,150,1,,182.37745341705158,0.13,fixed,0.13,1.0,0.6,0.03183075526186338,0.04214528135342287,0.00862175712925417,0.008622505372947148,0.02587225003742761,0.03481129949811134,0.008269428693940872,0.008304673208462367,0.07837094726081661,0.03828569495472234,0.16072694578580113
2000,quadratic,28,151,1,,183.89598379202653,0.13,fixed,0.13,1.0,0.6,0.03262396743061693,0.0420414732778732,0.022935791888736512,0.023004701029609987,0.026732041347320337,0.03537607278381997,0.021435396412177177,0.021437502738309154,0.05952246381699433,0.008949243156193831,0.10478916135243176
2000,quadratic,29,152,1,,188.83314120897558,0.13,fixed,0.13,1.0,0.6,0.030908882878655678,0.04108786317153362,0.020648807076332654,0.02748417337777319,0.024698380238171183,0.033532005298600606,0.02027813513326082,0.027904676217324748,0.0381690836831069,0.008286896193471227,0.06942567246544931
2000,quadratic,0,123,1,,267.9776691250736,0.13,fixed,0.13,1.0,0.9,0.027897226692328265,0.033746608343309496,0.019908514236856023,0.027650345581033048,0.01560324501367273,0.019724615002209664,0.019278236224084422,0.02701606958228024,0.041980190421777364,0.01591612438208989,0.0956507342554959
2000,quadratic,1,124,1,,269.0066765419906,0.13,fixed,0.13,1.0,0.9,0.029323848697959683,0.03937199442068355,0.02045553091727892,0.021694975600453928,0.014175920184455569,0.01838163531949006,0.02074181080917703,0.022964267135364085,0.0017907164520616359,0.01789636811077755,0.027659352896999934
2000,quadratic,2,125,1,,277.8439073340269,0.13,fixed,0.13,1.0,0.9,0.03523060280242566,0.04855026921800976,0.028271142190792853,0.028280420990430797,0.017119072525693488,0.021531947295568083,0.02862574095428938,0.02868782450269714,0.07166265290094675,0.03413474996698451,0.16962948204082987
2000,quadratic,3,126,1,,276.2294607919175,0.13,fixed,0.13,1.0,0.9,0.02942270031389766,0.03704268102269966,0.013931156985582671,0.01784323603907189,0.01591054174687649,0.019674312868452063,0.015374406108738192,0.018264894272285146,0.06326145549124584,0.02475453990618881,0.14437341685664454
2000,quadratic,4,127,1,,278.5407170410035,0.13,fixed,0.13,1.0,0.9,0.028568475695905454,0.038198814720509476,0.0312977867432398,0.0363951770148439,0.01594983288154079,0.021303957282201542,0.031092810139307092,0.03630207726450725,0.11225701862493365,0.03165156972103933,0.24197577228010578
2000,quadratic,5,128,1,,285.3140952499816,0.13,fixed,0.13,1.0,0.9,0.027505426645076363,0.036067322790936045,0.027039903365808637,0.03773929324325223,0.011401972158266663,0.014719026985560338,0.02809988507282757,0.03793672176888482,0.020400608459858582,0.01708296287609734,0.05740808980791159
2000,quadratic,6,129,1,,203.4547564999666,0.13,fixed,0.13,1.0,0.9,0.032532687574362666,0.04192247766507187,0.026963132299875125,0.03684205870971919,0.016746522607475292,0.02172915759133817,0.02859332773836898,0.03875215692849672,0.01353250570363096,0.024382969543946142,0.054697450040336555
2000,quadratic,7,130,1,,200.47934112499934,0.13,fixed,0.13,1.0,0.9,0.02823327560986967,0.037401770967214594,0.011413935875580039,0.012567541981939625,0.012528421213995965,0.017014512377910677,0.010113545464786045,0.01118956577063567,0.03794788655246406,0.022246463862026555,0.09514661965056899
2000,quadratic,8,131,1,,190.2024057499366,0.13,fixed,0.13,1.0,0.9,0.03172931963773035,0.03942299926882447,0.012178045554800843,0.01236831222179,0.014904816170678379,0.019071579451623116,0.01229181532910939,0.01244895324872282,0.041664754928786074,0.02408992605076532,0.10398494125122337
2000,quadratic,9,132,1,,179.80554670793936,0.13,fixed,0.13,1.0,0.9,0.029515653572696077,0.038821736885183984,0.04901036238072298,0.05546260414670584,0.014259354884599777,0.018549824096077867,0.047050007368663715,0.054032183540428075,0.043505318070533594,0.0261572107622422,0.1096450404471849
2000,quadratic,10,133,1,,172.6673890000675,0.13,fixed,0.13,1.0,0.9,0.028944359416194484,0.038800439739219435,0.010043403369800252,0.013117935701694134,0.01579936324372882,0.02040411679325074,0.011301119015059813,0.014878562881983803,0.04121386140555294,0.022277379142388365,0.10114529807446591
2000,quadratic,11,134,1,,164.97330566705205,0.13,fixed,0.13,1.0,0.9,0.032408067145084096,0.041786649662254254,0.014289963682670104,0.01436529904770356,0.014838016683703164,0.018913105978324723,0.015113368408731231,0.01517859080811279,0.0028512339883726145,0.02168842398508719,0.027428497211100595
2000,quadratic,12,135,1,,135.47178287501447,0.13,fixed,0.13,1.0,0.9,0.035463535193836576,0.04512785702057815,0.021452281470502266,0.025456637381317315,0.014522610749762709,0.018341405585869653,0.01907034495851856,0.023832375629008678,0.05892849678403511,0.03382197136193443,0.14611336676547462
2000,quadratic,13,136,1,,135.25888041593134,0.13,fixed,0.13,1.0,0.9,0.031563321712649924,0.04091450307488591,0.012176579420607236,0.013105813142476198,0.015971596926288845,0.020483499393359948,0.012321981079468358,0.014268448263884606,0.010007649049879275,0.01534772887229563,0.037036261362505124
2000,quadratic,14,137,1,,137.21737325005233,0.13,fixed,0.13,1.0,0.9,0.03158198606919235,0.040531447958976355,0.01586322590147815,0.01602651635699363,0.013788079238049077,0.017744293429290528,0.016373784543052272,0.016479366970307486,0.04387391404822816,0.03425977495554344,0.11953240922391473
2000,quadratic,15,138,1,,138.82209541695192,0.13,fixed,0.13,1.0,0.9,0.029972339743309918,0.03913563051842623,0.018709977231677888,0.02013975223594007,0.013974076826562603,0.017500108762743143,0.019464435094738608,0.020969232094808145,0.01824628605354628,0.02351481290344659,0.06154287262152056
2000,quadratic,16,139,1,,138.94002183293924,0.13,fixed,0.13,1.0,0.9,0.03078201578829754,0.041346350476169615,0.025231532477568486,0.03187977356969859,0.01482587648091434,0.019333394532254907,0.022619598213903913,0.028180292977468904,0.035349340317126,0.023891572808409256,0.09229682677397502
2000,quadratic,17,140,1,,137.75781508302316,0.13,fixed,0.13,1.0,0.9,0.032456802720376855,0.042458456096236066,0.02319050429228331,0.024622757226243117,0.014706770712493744,0.019003020067180743,0.020816853843187877,0.02327242419292301,0.0036322902293837167,0.021302544977639393,0.026122664914790494
2000,quadratic,18,141,1,,131.90344870905392,0.13,fixed,0.13,1.0,0.9,0.02935143014197669,0.04043316725291425,0.027388125423229548,0.027567421135611593,0.013408918469495053,0.017584412627795275,0.023792568164867856,0.024007102706030767,0.029187554183355058,0.030335482065259156,0.0889551003106446
2000,quadratic,19,142,1,,132.4934201670112,0.13,fixed,0.13,1.0,0.9,0.028401974701388454,0.036809856224401506,0.01948214654270508,0.022441974422130393,0.015345168597642019,0.019301077208445233,0.019350796230971357,0.020761687112588002,0.007507721301917014,0.012468316376957111,0.01342114926247302
2000,quadratic,20,143,1,,132.23173637501895,0.13,fixed,0.13,1.0,0.9,0.03211467151135751,0.042110952005211824,0.014558385840834465,0.01526224723082734,0.016543750817332056,0.02082127246709319,0.013043608742561608,0.013878043181060737,0.006776985775881039,0.02478102087424683,0.02832799878195965
2000,quadratic,21,144,1,,132.5799615829019,0.13,fixed,0.13,1.0,0.9,0.03290991033654579,0.0405951294634009,0.028481274881067886,0.030470451436481624,0.01580540573995494,0.02012618966069059,0.028604139828602104,0.03025540608657677,0.016020274595628825,0.02723468333160295,0.06253733667975409
2000,quadratic,22,145,1,,133.37914895801805,0.13,fixed,0.13,1.0,0.9,0.03206847241362991,0.04087184669593729,0.010355676042307582,0.011035942036542817,0.013477306546380423,0.017176321350350555,0.012421856802260267,0.01388845158678212,0.03600751279412662,0.027516632291965437,0.09766873546232092
2000,quadratic,23,146,1,,133.62101508292835,0.13,fixed,0.13,1.0,0.9,0.029292285125274684,0.03947073869967098,0.043523179373934795,0.04545152846375708,0.014239034282734838,0.01856556088766049,0.04123097281676791,0.04316834272204379,0.04141737105121501,0.02803206564912053,0.10798329350483689
2000,quadratic,24,147,1,,130.8683217089856,0.13,fixed,0.13,1.0,0.9,0.03180403510176877,0.041761543626322103,0.025048006249679622,0.028395653610026817,0.015181465061095889,0.02021512650556794,0.024085678206819505,0.026880672724116768,0.05911779625275093,0.025907232272582403,0.13794078018562295
2000,quadratic,25,148,1,,130.916545709013,0.13,fixed,0.13,1.0,0.9,0.03326234399017635,0.042898577171069284,0.040997851814867925,0.0410093797960248,0.013823437335715262,0.018485868018291718,0.04047677934644889,0.040509306029816554,0.009293566471127113,0.021165308008772143,0.022597042572782722
2000,quadratic,26,149,1,,129.00780824990943,0.13,fixed,0.13,1.0,0.9,0.031464013996223054,0.04106428770219372,0.012439412428524088,0.017541803973925723,0.014373841792811926,0.018201712391477172,0.013655697262284994,0.01721327238351662,0.025679736463430802,0.02314705929269245,0.07409031466023333
2000,quadratic,27,150,1,,126.80500570894219,0.13,fixed,0.13,1.0,0.9,0.0321315361596628,0.04176738341011267,0.009563612960307832,0.009564953251884025,0.015135424645635493,0.020177711493515212,0.008865646234571978,0.008969925447365445,0.08802443135681282,0.029528646440358908,0.19502009441849955
2000,quadratic,28,151,1,,123.09691354201641,0.13,fixed,0.13,1.0,0.9,0.03152757080558886,0.04149702727299134,0.025676671850307864,0.025732946211567433,0.01555932237527142,0.02070443487297879,0.023951828804157804,0.024022501481429134,0.05666158338664329,0.02045627381684889,0.1276838800699529
2000,quadratic,29,152,1,,120.9997407089686,0.13,fixed,0.13,1.0,0.9,0.03169228839533168,0.041200986356263104,0.022283967547854777,0.02926858393412389,0.014812526475309238,0.019692894562467752,0.021692126868564365,0.029355343635556475,0.03453612657097427,0.021789916826694622,0.08842202349692567
