n_subject,coef_type,rho_true,bandwidth_method,n_rep,n_success,n_fail,miae_iid_mean,miae_iid_std,rmise_iid_mean,rmise_iid_std,beta_mae_iid_mean,beta_mae_iid_std,beta_rmse_iid_mean,beta_rmse_iid_std,miae_final_mean,miae_final_std,rmise_final_mean,rmise_final_std,beta_mae_final_mean,beta_mae_final_std,beta_rmse_final_mean,beta_rmse_final_std,sigma2_abs_error_mean,sigma2_abs_error_std,rho_abs_error_mean,rho_abs_error_std,Sigma_fro_error_mean,Sigma_fro_error_std,best_bandwidth_mean,best_bandwidth_std,elapsed_seconds_mean,elapsed_seconds_std
500,bump,0.0,fixed,30,30,0,0.06786654915438022,0.005079729926399233,0.088886041686693,0.006590668490732971,0.028266082679524678,0.013172399192524642,0.03140430571649319,0.01462676413209336,0.06789527104307387,0.005137396992659172,0.08894441578729594,0.006670715095548518,0.0281491568667666,0.013234810008561033,0.03127441147046524,0.014702267126952042,0.12934045453775805,0.03660602492077101,0.03213411974697943,0.02415820548321133,0.19039829067851502,0.04880568398929559,0.12999999999999998,2.7755575615628914e-17,9.573131941635317,0.073344712630915
500,bump,0.3,fixed,30,30,0,0.06884983497102751,0.004620796301619154,0.0899676296342057,0.005978875132026082,0.030302339141775974,0.015752451361122383,0.03261611142084727,0.017073364871508026,0.0659280696150696,0.004695265240813568,0.08666022468752455,0.006035548420625062,0.029531716375586315,0.015541119086173262,0.031945186926336286,0.016920571856977352,0.129342399415879,0.044174786460771026,0.034034806004168125,0.02755274792926149,0.20527147291738546,0.07308244619008322,0.12999999999999998,2.7755575615628914e-17,9.502084448661966,0.10776394760066846
500,bump,0.6,fixed,30,30,0,0.06882072899475636,0.00445678417984659,0.08976882172280543,0.0056103641722137455,0.03332815849902523,0.01725604187742079,0.03584815526016361,0.018510999209709698,0.05702423834985672,0.003934715050397923,0.07526164554317998,0.00518659502804927,0.031498009515175784,0.016660998153030123,0.03419137877108285,0.01797344652550572,0.12787392033184844,0.04939317874414537,0.05645216681726621,0.028180947835966145,0.25433001789124415,0.09125037585930422,0.12999999999999998,2.7755575615628914e-17,9.479781390268666,0.10819427254763934
500,bump,0.9,fixed,30,30,0,0.06862488274046238,0.004361441297669476,0.089537646864718,0.005312546315650547,0.03596784932737593,0.018663810259301392,0.03876517887195847,0.019751063395587902,0.035820120416335754,0.002190464246243631,0.047520846122371584,0.003301514178992591,0.032836952629528134,0.017566665389341044,0.03578568102673031,0.018709884377839846,0.12675205408460036,0.0546318129593409,0.08801752155828994,0.01595576152386114,0.32464771120045205,0.10348881372504165,0.12999999999999998,2.7755575615628914e-17,9.679215983429458,0.15392508519958323
500,quadratic,0.0,fixed,30,30,0,0.06621224882423785,0.004435512759763287,0.08721462246890237,0.005930401268327056,0.028391340045031698,0.013200892414504213,0.031670615659317086,0.01432324023226708,0.06623482308737214,0.0045005649466843805,0.087262242517288,0.006031171702191433,0.028286827503747766,0.013251748347607555,0.03154661419805387,0.014404824216808707,0.133111347955382,0.035961181815343767,0.033064655602501894,0.02328665189623031,0.19551715638431336,0.04794586581214224,0.12999999999999998,2.7755575615628914e-17,10.053420354235762,0.186224284388416
500,quadratic,0.3,fixed,30,30,0,0.06737982218126594,0.004507182945052442,0.08840662754007002,0.005587524806556343,0.030081259044082483,0.015850929293187783,0.03263707540379129,0.017115843987544555,0.06441915348540088,0.00457422614250855,0.08503967542411746,0.005592059624008066,0.02927168669304181,0.015664210163119915,0.03202473352275885,0.01693104896022033,0.1332243517076424,0.0438415513547616,0.033538335055767345,0.026043111369294148,0.21042283817364238,0.07160852823581002,0.12999999999999998,2.7755575615628914e-17,9.486980358379272,0.22710948016919416
500,quadratic,0.6,fixed,30,30,0,0.06725580412918594,0.004293078349671568,0.08814310715686312,0.005352285590058944,0.03311081188525168,0.017342809075260774,0.03584800276050359,0.018560382651953457,0.05515026574059876,0.0038971592311022886,0.07332250354364661,0.0048755821417876865,0.03139003555873074,0.016706786750126927,0.03430038127924615,0.017965655170843402,0.13173068186831877,0.04909909471391736,0.05445036149951586,0.027048826122153622,0.25830930713483474,0.09107002891953787,0.12999999999999998,2.7755575615628914e-17,9.469938740262297,0.23270549190207718
500,quadratic,0.9,fixed,30,30,0,0.06697067172834974,0.004065388079248989,0.08782702865651612,0.00522542385390981,0.035750502713602236,0.018740747350680112,0.03873611133736918,0.019811852252557723,0.03269476191206247,0.002237539809091668,0.04420198354819441,0.0032060866481987034,0.032712830848932284,0.01762069158234863,0.035873483511898535,0.018706019990314782,0.1303656263378248,0.054839197877864405,0.08508728486137097,0.014815268396491547,0.3281675284482208,0.10298823526358435,0.12999999999999998,2.7755575615628914e-17,9.697511533279128,0.10294152452908613
500,sin,0.0,fixed,30,30,0,0.07037598203477087,0.005524868871879121,0.09149885736140058,0.0065898819521774555,0.028311606231938943,0.013688302478042862,0.031461966871160874,0.014930761824516761,0.07042735610181546,0.005598613082955305,0.0915855566596231,0.006688273337378333,0.02817964323350967,0.013753422540830392,0.03133961231114674,0.01499111802916703,0.1236273615204936,0.036675607805363615,0.034101692153997276,0.023607119722626215,0.1833484140280005,0.04832115947994823,0.12999999999999998,2.7755575615628914e-17,9.59219212361689,0.12834464297716996
500,sin,0.3,fixed,30,30,0,0.07076498459548343,0.005327247820924989,0.09219774920623278,0.006210686334648663,0.030107105475247694,0.01569099724629822,0.03245033898705381,0.01718489186208692,0.06809756755831496,0.00517430260404088,0.08903256844297157,0.006170265056549266,0.029273464536172664,0.01563360892551215,0.031860193738043864,0.017105913320050698,0.12343517769260143,0.04427944500340885,0.036250785872997814,0.026594807485845452,0.19819129216173823,0.07259019831691085,0.12999999999999998,2.7755575615628914e-17,9.266141052811872,0.10904628347696611
500,sin,0.6,fixed,30,30,0,0.07071608129186163,0.005069992232612096,0.09204476147659331,0.005747895043601995,0.033134390553314956,0.01716203715440372,0.0356228526504341,0.01863367594573966,0.05973202150653792,0.0043616412083570906,0.07817450957146697,0.005243155483531179,0.03130200840388926,0.01685570248522369,0.03409911822092417,0.018234773219043262,0.1219274116301819,0.0495344333542425,0.059812531742600844,0.02863420640055438,0.2482686582776776,0.0916416698472982,0.12999999999999998,2.7755575615628914e-17,9.222585092966135,0.10255863504936226
500,sin,0.9,fixed,30,30,0,0.07060519337295064,0.0044865440692043075,0.09190121694252955,0.005196445340170113,0.035790917964135506,0.018518935864211505,0.038473090453906275,0.019888980453796272,0.04056236817029421,0.002666020128875991,0.052480387853323165,0.003310082940327583,0.0325857308698759,0.01780327044711166,0.03565169640004719,0.01902918561234336,0.12129994981088926,0.05362594338519567,0.09320374818758272,0.016709232281814968,0.3199064382326891,0.1034952280501202,0.12999999999999998,2.7755575615628914e-17,9.135171922230317,0.07536953427392792
500,sqrt,0.0,fixed,30,30,0,0.0660294933784769,0.004559521745308905,0.08702946251112646,0.0061214337201219654,0.028480949977659722,0.013186350647153051,0.03177130693344367,0.014397756046362925,0.0660521085956131,0.0046146633750406485,0.08707428550048284,0.0062214131883650626,0.02837190126377347,0.013241276507724754,0.03164800147332341,0.014477586451401226,0.13355484380665744,0.03607744754714951,0.032462616211746356,0.02362658643606774,0.19599978661728285,0.04821271963173633,0.12999999999999998,2.7755575615628914e-17,10.435365838887325,0.8074722418468411
500,sqrt,0.3,fixed,30,30,0,0.0671828821024975,0.004499336776405833,0.0883044169650567,0.005607661434667311,0.030013517163614587,0.015847166213771004,0.03253497775636282,0.017061018626418217,0.06422457088686032,0.004664926318870505,0.08493044117476245,0.005648336770264067,0.029200880255847956,0.015664265746981383,0.03188756875798975,0.016910895445974874,0.1337264033120317,0.04373042279373501,0.03333692539839483,0.026208541402680856,0.21078990186443755,0.07193231971967265,0.12999999999999998,2.7755575615628914e-17,10.55738157921005,0.8418213621289593
500,sqrt,0.6,fixed,30,30,0,0.0670987111720044,0.004263914954358137,0.0880600279899271,0.00530687332144878,0.03304307000478447,0.01734890833129887,0.035762418813040084,0.018504406485183148,0.055012729646507295,0.003945223416582095,0.0731891348164638,0.004852548701395798,0.0312831121582362,0.016693060529785447,0.03416226722029643,0.017962819029381783,0.13222674418441926,0.04898397735799207,0.053881841892879465,0.02729104366693631,0.2586599961105572,0.09078319650736455,0.12999999999999998,2.7755575615628914e-17,9.143607204170742,0.2646104547695611
500,sqrt,0.9,fixed,30,30,0,0.06685044138713689,0.004015633765378438,0.08776369458269996,0.005092153036182639,0.035682760833135485,0.018758108749785795,0.03867113123474914,0.019752444382911575,0.032347169530861176,0.002174171029315876,0.043898712550146136,0.0030276191975082234,0.03259303083349348,0.017630851563716802,0.03575908658658031,0.018702746477975138,0.1307811688164647,0.05491799327424041,0.08436147594477003,0.014936422069342092,0.32826370315945924,0.10292738210372045,0.12999999999999998,2.7755575615628914e-17,9.939243094471749,0.6251970456304311
1000,bump,0.0,fixed,30,30,0,0.04577477908670877,0.0028835212776187427,0.05929443976161898,0.003351776165122355,0.021014514595000883,0.008303996945958441,0.023114010579093673,0.009312612549303531,0.0457818101911434,0.002895402649509747,0.05932978317158995,0.0033546445459898917,0.021009728529398634,0.008327739438702146,0.02310854261980215,0.009334496235258819,0.05611160011474826,0.033283652607414824,0.016673181289917974,0.014799824828727038,0.08704569217447795,0.04249916331411063,0.12999999999999998,2.7755575615628914e-17,38.03363938753027,1.2800807458001906
1000,bump,0.3,fixed,30,30,0,0.04781860691594223,0.0032093964286294043,0.06225133162668335,0.004614339281690796,0.019993025803281283,0.008791989495926297,0.02353881702535833,0.01068710073042948,0.04589311390355334,0.00269927108739927,0.05987283731761755,0.003983817470931211,0.020252735734804683,0.008848585283180695,0.023750510426914197,0.010571255096837484,0.05741459487907633,0.032814957468903956,0.03446548285718442,0.022548728542545582,0.10540285039320267,0.04939858489381039,0.12999999999999998,2.7755575615628914e-17,38.42819737641063,1.287824978760741
1000,bump,0.6,fixed,30,30,0,0.04761673292540281,0.0034050330732565415,0.06189445146514443,0.004841380786648538,0.021958930478252925,0.009702628282184454,0.025886937617661757,0.011884412596315945,0.0394746712166084,0.002176627613730251,0.051554140623032624,0.0031978095203599494,0.022457600735806795,0.009793771414898943,0.026313155278755315,0.011745964234529734,0.056987151319377975,0.03595325693211955,0.03290043644177501,0.02279400951077993,0.12221684536286295,0.06935318883656613,0.12999999999999998,2.7755575615628914e-17,38.770572101317036,0.7909660709961799
1000,bump,0.9,fixed,30,30,0,0.047164843427673415,0.003515553936298494,0.061221466231579404,0.0049783129638581135,0.023640908668419718,0.010570879173250034,0.02794686460251256,0.013021005559896047,0.024955261052844194,0.001237077126110578,0.03249917235758687,0.0016674736990654755,0.024287731376600466,0.010658364076567338,0.028538780185426618,0.012820622938531683,0.05889727883515419,0.03948289096286591,0.04577138814023459,0.010211410682436257,0.15593857314110915,0.08176398673703915,0.12999999999999998,2.7755575615628914e-17,38.93026023620041,0.8130073347243731
1000,quadratic,0.0,fixed,30,30,0,0.04401915517690311,0.00279700735344595,0.05739137643825124,0.003432160280724835,0.02064001529889748,0.007955096327735521,0.02267194370111501,0.008830096157128937,0.044015501494187245,0.0027923712363843727,0.05741892214439168,0.003433732519455928,0.020635157812213003,0.007978687971751514,0.02266539151842974,0.008849550010275938,0.05929380340331772,0.034293285606496714,0.016541609802955357,0.014466101360785253,0.09081126601886952,0.044461211021370343,0.12999999999999998,2.7755575615628914e-17,36.662291702705744,0.33169474538462984
1000,quadratic,0.3,fixed,30,30,0,0.04598261645319508,0.003567791887213,0.06023647867097921,0.004743225844707346,0.0202122019617999,0.008997385013166749,0.023748322040818958,0.010771347670870342,0.04417804874109842,0.003458359744362545,0.05780232593966003,0.0044102302653486105,0.02047942279764173,0.00902008061956791,0.023943799203856923,0.010619753041419227,0.060912791625496315,0.03342976071866145,0.03400677901865206,0.022227307781379785,0.10899983548469688,0.04970415987160849,0.12999999999999998,2.7755575615628914e-17,36.85242620967328,0.4443349420790464
1000,quadratic,0.6,fixed,30,30,0,0.045704160399651195,0.0036209014628627943,0.05984350581916609,0.004903532948558065,0.02214302837125551,0.009970693943904155,0.02611645907924844,0.011967266391552512,0.037515979908707815,0.003033459848700328,0.04910906599990957,0.0037821736633470797,0.02268142046635826,0.009991102794893047,0.02652894029281099,0.01175004166944558,0.06032569348924989,0.03673938599080083,0.03067163917855761,0.022594152403554814,0.12508326667795297,0.06967839312623694,0.12999999999999998,2.7755575615628914e-17,42.39762187774371,3.4598439989454746
1000,quadratic,0.9,fixed,30,30,0,0.045129620081197024,0.0035734181105308476,0.05910225806315074,0.0049572034420792745,0.02388000704528348,0.010784956970997043,0.028203766248523787,0.01308980734125663,0.021659269506211276,0.0017889415019611016,0.02822042196615145,0.0022120506317528064,0.024630567927073906,0.010726200437980503,0.02881698368139941,0.012734375871663497,0.06159135530831064,0.04091229816928305,0.04197169510070373,0.009898671131127858,0.15778867868684207,0.08264648949596115,0.12999999999999998,2.7755575615628914e-17,38.43705963893638,2.1229453661147186
1000,sin,0.0,fixed,30,30,0,0.0498864273483588,0.004124699778462748,0.06368060815023242,0.004751013850054508,0.02018184153508551,0.008552944538159106,0.022455567837871424,0.009403738291877451,0.04990984883702713,0.004114639494015783,0.06372933962145906,0.004742254178422129,0.020170832970470176,0.008579451420078802,0.022444742436198546,0.009422834636815708,0.0508899225877392,0.03164551143358648,0.017149590967757967,0.015582436634487083,0.08101675141368442,0.039722260792252405,0.12999999999999998,2.7755575615628914e-17,38.496480905613865,0.5706216614858254
1000,sin,0.3,fixed,30,30,0,0.051468142691780495,0.004044153300315759,0.06597137369997276,0.0050644684106276395,0.020190179445628086,0.00932926773039335,0.023670685346236387,0.01093520715346547,0.049875116375819005,0.0036614430309306035,0.063766847180507,0.004556140247448119,0.0204040195531391,0.00936448848363679,0.023858245971568937,0.010726881323957752,0.051681671249900626,0.03097967302081437,0.03442274336497022,0.02233234251723877,0.09816131215822828,0.048098425505547035,0.12999999999999998,2.7755575615628914e-17,38.7263794541941,0.43014191905740307
1000,sin,0.6,fixed,30,30,0,0.05111034417198076,0.004141084788213838,0.06559710698971023,0.005188663522141577,0.022156084120600137,0.010241720312061138,0.026035746929249412,0.012140791136347227,0.044056683292067585,0.0031254249166511416,0.05604157166598644,0.003812493969002978,0.022647052906342835,0.010247596837444582,0.026435267463014625,0.011816446957000482,0.05142200651137251,0.03422191936313454,0.03516906992439352,0.023415707397094043,0.11581828058136162,0.06826581317832553,0.12999999999999998,2.7755575615628914e-17,39.30676028764962,0.48810494740993626
1000,sin,0.9,fixed,30,30,0,0.05050333009912034,0.004035629425069399,0.06491492911443819,0.005141252469631113,0.02386009530556803,0.011080835562888466,0.02811697269876193,0.013288316430812198,0.03163040501488739,0.0020786202124101144,0.03929234348459086,0.002355871757071803,0.02464950914251883,0.010870698732903564,0.02871692323382444,0.01278030264311016,0.05405549491529973,0.03745068676498084,0.05150301549700296,0.00955275044609186,0.15201547257754547,0.07831313974785868,0.12999999999999998,2.7755575615628914e-17,42.464052150014325,2.6823787368637824
1000,sqrt,0.0,fixed,30,30,0,0.04346280418473869,0.0026324029718508934,0.05678447183388575,0.003189998147200597,0.020656607215034498,0.0078071322867704586,0.02269687960798322,0.008700269736285383,0.04346473788684816,0.002635267745287227,0.05681293260462412,0.0031844160989640447,0.0206525367024088,0.007831123359940675,0.02268973834699155,0.008721744792135434,0.059959003200647495,0.03431416070134132,0.016704138576371666,0.014362037550335957,0.09158217427741876,0.04471927398698562,0.12999999999999998,2.7755575615628914e-17,35.78322186950439,0.4080679504488638
1000,sqrt,0.3,fixed,30,30,0,0.045493676767771656,0.0032591311437324267,0.05990209034162925,0.004669405041167326,0.02034087111004119,0.008902667281752106,0.02389461262135607,0.01073364726063355,0.04362868313593966,0.003058146083221386,0.05743427690033728,0.004246603372585967,0.020620393212884218,0.00892004033065399,0.024100121006738837,0.010604569232122442,0.06164780277263277,0.03345607510859325,0.03384847607285752,0.02242396270284483,0.1099001031801539,0.04972048779563044,0.12999999999999998,2.7755575615628914e-17,41.673469225065006,4.559494839359594
1000,sqrt,0.6,fixed,30,30,0,0.04526906873628014,0.003343956917951006,0.059525507162554454,0.004829455256469459,0.0222903718206433,0.009847238600503995,0.02625726781682872,0.011928704442123244,0.0368942322855704,0.0026047491282164335,0.04867648452383835,0.003558892590964414,0.022831067932147776,0.009866485664116301,0.02668131539726522,0.01176093277258686,0.061052290263575594,0.03671244560047103,0.03076125851800203,0.022048418060699196,0.1261054197293221,0.06935696810041489,0.12999999999999998,2.7755575615628914e-17,35.6430970763516,2.9480502936591453
1000,sqrt,0.9,fixed,30,30,0,0.044764331700631516,0.003366432867818426,0.058806139058908045,0.004872394214480504,0.023994776605185727,0.010696344426049414,0.028333346277831135,0.013059920044162022,0.020688298481146252,0.0014085762987253738,0.027468478736274716,0.001963080970245282,0.024669236069858477,0.010733920204763443,0.028946464923065452,0.012794054416758781,0.06222602816254415,0.040917633904450475,0.0415094733126129,0.00968129944922232,0.15849921535530506,0.08266473535936437,0.12999999999999998,2.7755575615628914e-17,36.038416570898455,1.266524992737654
2000,bump,0.0,fixed,30,30,0,0.03450901538762217,0.0020965756314062617,0.044546514910139015,0.0024338784545715497,0.014457094920831056,0.005937729016248888,0.016069744640331295,0.006326149322426112,0.034495588242226066,0.002094152771264327,0.04454001035371228,0.0024215627547248576,0.014469207604752758,0.005949373538367957,0.016081814723345515,0.006340456912211205,0.025065246766212197,0.01691343160182741,0.023146864185128454,0.0161558313985189,0.05306238395291683,0.023027497462188306,0.12999999999999998,2.7755575615628914e-17,119.29756534723565,1.2964670835850933
2000,bump,0.3,fixed,30,30,0,0.03484923759142307,0.002045681968553888,0.044540808791364336,0.002740767930911976,0.018376384032945694,0.007934022801095123,0.020640274060285346,0.008820370524838606,0.03359724558694992,0.0019988181015134893,0.043025940055457186,0.0026480183029586823,0.018288192840878837,0.007805023526243486,0.020549713625126264,0.008705032023061138,0.026837655113805352,0.018496758445709673,0.020285397667424543,0.016302477156241224,0.05491642112100568,0.03479199918844053,0.12999999999999998,2.7755575615628914e-17,120.598378699983,1.4193704980293136
2000,bump,0.6,fixed,30,30,0,0.034770466209252164,0.002087276083636343,0.04443604627069444,0.0027846303704223653,0.020305016679372196,0.008817957467038834,0.022868005403361973,0.009794134092330105,0.029487759321659663,0.001777574108283641,0.037770344710825486,0.0022993029824818034,0.020054699021466126,0.008532533949749326,0.022633916199605617,0.00952696978311534,0.029672211860813247,0.021362806282726594,0.022358458777724407,0.01496736960670677,0.06935295480517742,0.04558429105432141,0.12999999999999998,2.7755575615628914e-17,120.74754757781436,1.1307123042030254
2000,bump,0.9,fixed,30,30,0,0.034652923317709035,0.002113213057513372,0.044310581939085575,0.002789936838054591,0.022025992509768267,0.009640932650825931,0.024887988305719755,0.010690912126264334,0.020351554499636534,0.0010886853749673454,0.026181658160302292,0.0012759066950306073,0.02158501402374716,0.009148954680110536,0.024464178287016466,0.010268540981523827,0.03339667500813007,0.024203325419131557,0.02836077962518334,0.00542911077588917,0.09051961794624981,0.051669347668231065,0.12999999999999998,2.7755575615628914e-17,120.36928336250519,1.1171953876266998
2000,quadratic,0.0,fixed,30,30,0,0.03164381779238143,0.0021084998545454503,0.04126229394508379,0.0026266044430057773,0.014340377841518374,0.006098158908530437,0.0159807991456852,0.006427693848601625,0.031635722673875995,0.0020946904374534573,0.04125257248349441,0.002598061990781391,0.014352077916185091,0.006109044601850355,0.01599489748024435,0.006438208625363508,0.028825444805415563,0.017578691347699946,0.023431099211713782,0.015488025464463822,0.0568433209523989,0.02318418050966453,0.12999999999999998,2.7755575615628914e-17,146.09474985132692,2.30216316751439
2000,quadratic,0.3,fixed,30,30,0,0.031008620378209107,0.0019811159680087355,0.04036499243806075,0.002866499052709662,0.01838886551596984,0.008158499854307437,0.020725529611477524,0.009147556961931315,0.029669397046511992,0.0020600116426517023,0.03862727408575139,0.0029399529901969067,0.018308175557418725,0.008039692504605015,0.02064543073103849,0.009039864936136214,0.030440733403856116,0.018937870875127296,0.020352199973208505,0.01598984407162185,0.0593383831957338,0.034601022924971074,0.12999999999999998,2.7755575615628914e-17,133.6189301720898,12.689535767678976
2000,quadratic,0.6,fixed,30,30,0,0.0309596089691606,0.0019751235465298956,0.04034109784000319,0.002815019581550469,0.020317498162399295,0.009034171791871517,0.02295504872453021,0.010116516876936401,0.025175134159836982,0.0019331984500869843,0.032822503623306166,0.0026170617623228203,0.020113130159706748,0.008728947747097546,0.022741515143050135,0.009858253647175973,0.03253593315414999,0.022688574810650942,0.020667695973200954,0.01426329275913228,0.07227090392438738,0.046317930076657514,0.12999999999999998,2.7755575615628914e-17,117.68999306660844,1.9353258941117284
2000,quadratic,0.9,fixed,30,30,0,0.030971739257003934,0.0020009085836546923,0.040370983524322585,0.0027350183025829354,0.0220408429784249,0.009843337262009276,0.02497671118980702,0.011005392373635264,0.014824389746271234,0.001214256408992286,0.019149203161967995,0.0015081360835750293,0.02165049232249637,0.009329075007440348,0.024585468764322754,0.010583250304928443,0.03574456132287418,0.025985699030762408,0.02422599104786678,0.005429190705340818,0.09186789486270186,0.05330307811551897,0.12999999999999998,2.7755575615628914e-17,116.93863589581646,1.7358918427935008
2000,sin,0.0,fixed,30,30,0,0.038424307790154016,0.002784655349399259,0.04866948083282851,0.0033358541957040043,0.014845655429270322,0.006347141375415714,0.016440813378035726,0.0067615542776238435,0.038439719641872615,0.0027805874819476634,0.048683513291145925,0.0033186708628328274,0.01485789324944029,0.006358981787457142,0.01645417977954587,0.006774310943856715,0.019768883158291388,0.014929498817066945,0.023670026214917574,0.01653658604736443,0.04848070050619577,0.022093466683606754,0.12999999999999998,2.7755575615628914e-17,121.14346987213551,1.0701360848190922
2000,sin,0.3,fixed,30,30,0,0.03890245146966948,0.001956790046999226,0.048964873378704074,0.002721356878761587,0.018183869911110873,0.007831715645878598,0.020391502794835578,0.008858897243348006,0.03767868498872691,0.002147253000453866,0.04741818712364856,0.00267878647288655,0.018107606642342847,0.007715072442181912,0.020314551486076783,0.008757378228404281,0.0212160956943969,0.016866408748522355,0.021390224978300773,0.017587146608157078,0.05025751280109439,0.033245175435389906,0.12999999999999998,2.7755575615628914e-17,115.8095576833041,2.2260857783523558
2000,sin,0.6,fixed,30,30,0,0.038960256166127305,0.0019364830753562591,0.04901820437896703,0.0027336065315671674,0.020112502557537115,0.008699314044725334,0.022616931733165393,0.009822907784506679,0.03428687375977347,0.0020408160595089017,0.04277660122643367,0.0023953722384732565,0.019907676590213752,0.008417323186532657,0.022411242398874414,0.009584314811182566,0.024970549246562796,0.018914707287750316,0.02736594386003475,0.014856948987217943,0.06683615877791192,0.04222229537212052,0.12999999999999998,2.7755575615628914e-17,116.21017043745378,1.0854410176244798
2000,sin,0.9,fixed,30,30,0,0.038962894174827074,0.002068385001881869,0.049131510280653455,0.0027717706526872257,0.021833478387934792,0.009507517003890603,0.02463534901184667,0.010711093140128304,0.027627791993555344,0.001305510053722454,0.03345739796127609,0.001455458270398753,0.021448818756369666,0.009035308079742902,0.024257526832141676,0.010328452242244063,0.02893583396282486,0.021921916768389442,0.03516768998897073,0.005629328644710732,0.0884285068780761,0.047969716608911535,0.12999999999999998,2.7755575615628914e-17,114.29054615699764,5.668606340905598
2000,sqrt,0.0,fixed,30,30,0,0.03119286029253856,0.0020492354061526284,0.04091903873945092,0.0024802534716843374,0.014328231910907574,0.006006128669310497,0.016006539296718292,0.006346580800760075,0.03119112865719708,0.0020285906780666647,0.0409088904660808,0.0024498073417838937,0.014340280088309055,0.006016671412384245,0.016020459268724217,0.006357953758122655,0.029426276890344123,0.017706047319623892,0.023417944824468503,0.01559740360719632,0.05748361111777069,0.02337821179981507,0.12999999999999998,2.7755575615628914e-17,161.55680809580565,7.8761721332189785
2000,sqrt,0.3,fixed,30,30,0,0.030866818213072727,0.001985743303485444,0.04019064511549642,0.0027958550811406652,0.018326100830240458,0.008184141379009104,0.0206705461708902,0.009139934817695436,0.029529754571207226,0.0019793700897980863,0.038484446010562175,0.0028240529102836723,0.018248465813315393,0.008060305202570985,0.020588293369364092,0.009028886940171033,0.031148932878536227,0.018900576741078645,0.020181361697283025,0.015909126026460725,0.05978435683122101,0.034871646695270805,0.12999999999999998,2.7755575615628914e-17,171.42365206667066,5.741583899948245
2000,sqrt,0.6,fixed,30,30,0,0.030783748399136827,0.001966544703477416,0.04011512472272263,0.0027737454449210434,0.020254733476670662,0.009060907058148956,0.022899823838033004,0.010109276358964532,0.024943717536893135,0.0017519397874897582,0.03259649104813643,0.0024877679952130098,0.02005160028451518,0.008753546544272742,0.022682557895465708,0.009847194072379533,0.033199553121619145,0.0227226115639444,0.020201511907517566,0.014381120656956134,0.0727493737246781,0.04655284833396024,0.12999999999999998,2.7755575615628914e-17,167.47363176662475,7.039363287833653
2000,sqrt,0.9,fixed,30,30,0,0.030711997282063717,0.001962195333011548,0.04006015780404985,0.002712136482139048,0.021975709307065206,0.009873391779642754,0.024921132110526226,0.010998510987335564,0.01399335458866899,0.0009970178061933005,0.018441568978844008,0.001382720952441946,0.021593918745414446,0.009353308438677358,0.024524321335719412,0.010576435061191242,0.03621858317326971,0.02624469416713687,0.02378478447605287,0.00539260911476844,0.09248300837840705,0.05346642507118615,0.12999999999999998,2.7755575615628914e-17,153.82446616519397,15.647602839526417
